CustomerID,Age,Gender,AnnualIncome,SpendingScore,Tenure,MonthlyCharges,PurchaseFrequency,SatisfactionScore,Churn
1,56,Male,69812,88,60,9177,36,1,0
2,69,Female,70500,26,88,8891,43,8,0
3,46,Female,99151,17,116,2482,37,1,0
4,32,Male,78643,71,73,7496,2,2,0
5,60,Female,64900,13,95,2811,17,6,1
6,25,Female,62946,69,15,7725,40,1,0
7,38,Female,27851,26,4,1104,38,3,0
8,56,Male,36288,49,63,8675,21,7,0
9,36,Female,92692,67,40,6285,9,8,1
10,40,Female,87580,7,9,5097,13,4,0
11,28,Male,27368,58,109,8259,11,3,0
12,28,Male,105436,49,9,8032,16,1,1
13,41,Female,116136,53,26,9240,16,9,0
14,53,Female,66403,65,4,1338,2,6,0
15,57,Male,111170,62,81,4315,42,6,0
16,41,Male,29168,17,16,1347,44,9,0
17,20,Female,106497,43,15,5209,8,1,0
18,39,Female,69879,25,99,5007,43,6,0
19,19,Female,79871,3,52,7075,42,5,0
20,41,Female,129632,79,69,5273,13,6,1
21,61,Male,131623,29,119,4968,17,8,1
22,47,Female,109388,32,5,5692,39,5,0
23,55,Female,118646,26,20,3820,24,2,0
24,19,Male,52174,16,79,5198,3,2,0
25,38,Female,119751,25,18,4811,30,5,0
26,50,Male,112491,54,111,4173,13,3,0
27,29,Female,26581,28,2,2064,19,3,0
28,39,Female,130155,73,93,2340,7,8,0
29,61,Male,91853,56,13,6558,9,7,0
30,42,Male,84046,65,4,7631,19,1,0
31,66,Female,69678,93,42,1226,45,5,0
32,44,Female,128392,86,109,9936,40,9,0
33,59,Female,131250,80,74,7197,22,4,0
34,45,Male,46649,41,61,9757,18,1,0
35,33,Female,147795,51,95,782,23,8,0
36,32,Male,108668,71,105,1581,2,5,0
37,64,Male,102325,78,8,4385,11,2,0
38,68,Female,34567,29,67,3381,31,1,0
39,61,Male,100404,83,112,3470,33,3,0
40,69,Female,109906,19,63,9844,14,9,1
41,20,Female,128069,66,110,7485,16,1,0
42,54,Female,116019,41,9,1447,11,4,0
43,68,Female,81944,45,94,5260,33,8,0
44,24,Female,138428,15,117,566,7,8,1
45,38,Male,98002,3,11,9328,31,8,0
46,26,Male,48803,11,99,9005,48,8,0
47,56,Female,38230,53,101,1064,46,4,0
48,35,Female,37862,46,42,9517,47,8,0
49,21,Male,63355,30,13,4170,14,9,0
50,42,Male,51259,57,36,9717,28,7,0
51,31,Male,119075,18,13,2751,43,2,1
52,67,Male,107445,51,12,1304,16,9,0
53,26,Female,50795,48,37,5131,19,8,1
54,43,Female,134604,66,74,1735,17,5,0
55,19,Male,28770,96,73,7220,26,3,1
56,37,Female,31093,8,52,7406,6,7,0
57,45,Male,66571,22,71,6516,43,2,0
58,64,Female,20193,6,2,4049,49,3,1
59,24,Male,120311,76,118,8438,9,9,1
60,61,Female,37569,57,56,4641,17,4,0
61,25,Male,137082,36,60,7466,31,4,0
62,64,Male,31190,79,23,5835,12,3,1
63,52,Female,82824,92,103,5577,23,5,0
64,31,Male,62752,57,40,6111,5,3,0
65,34,Female,52327,49,64,8589,43,9,1
66,53,Female,62070,45,103,3392,36,3,0
67,67,Male,105925,82,85,6077,36,2,0
68,57,Female,60197,66,23,4118,3,5,0
69,21,Female,22261,77,29,2059,24,6,0
70,19,Female,138424,45,78,7183,17,1,0
71,23,Female,113905,79,90,2007,39,6,1
72,59,Female,46512,20,51,2563,26,3,0
73,21,Male,26716,64,69,4142,4,4,1
74,46,Female,106795,93,119,2500,45,6,1
75,35,Female,48933,93,95,1794,12,8,0
76,43,Female,127225,67,89,4565,1,9,0
77,61,Female,24378,83,31,8514,21,6,0
78,51,Female,60583,3,50,2103,19,7,0
79,27,Male,132082,54,20,1822,21,5,0
80,53,Female,105371,78,108,6456,18,9,0
81,31,Male,49033,64,55,2941,43,4,0
82,48,Male,44000,40,81,1598,3,6,0
83,65,Male,131032,59,109,5573,49,5,0
84,32,Male,95868,55,2,9818,44,1,0
85,25,Female,62604,62,25,8988,32,5,0
86,31,Male,88336,4,13,4287,10,5,0
87,40,Male,115074,60,103,2596,40,9,0
88,57,Female,115655,75,92,2708,15,1,0
89,38,Female,93869,95,106,6488,5,5,0
90,33,Female,25410,96,119,675,4,7,0
91,62,Male,103375,91,70,7669,28,6,0
92,35,Female,76044,30,67,6514,4,6,0
93,64,Female,83315,2,58,2167,15,7,0
94,41,Male,116055,62,99,9367,17,6,0
95,43,Female,91344,49,82,2323,44,5,0
96,42,Female,26796,9,75,5647,3,5,1
97,62,Female,106716,92,118,1856,10,9,0
98,58,Female,74245,31,84,3572,47,8,1
99,46,Male,63056,98,64,3759,42,4,0
100,32,Female,37709,61,69,6699,23,4,0
101,62,Female,139664,79,83,1046,18,5,0
102,18,Male,78557,48,86,5731,1,3,0
103,42,Female,37543,25,59,8465,35,8,0
104,24,Male,57418,36,60,2583,31,7,0
105,26,Female,114611,8,83,2540,44,5,0
106,41,Male,123291,73,111,5034,1,3,0
107,18,Male,133504,58,62,2252,3,5,0
108,61,Male,123001,45,16,2349,3,3,0
109,25,Male,116038,62,88,3142,37,5,0
110,41,Female,36724,39,105,2100,19,1,0
111,28,Male,23828,96,68,4902,29,6,1
112,68,Female,136656,58,15,4299,25,4,0
113,34,Male,37087,81,89,1118,33,4,0
114,25,Male,32605,99,108,1632,36,8,0
115,52,Male,51337,83,55,5991,29,2,1
116,52,Female,25482,64,35,6295,26,4,0
117,50,Male,85333,44,55,8133,4,2,0
118,22,Female,112541,29,14,1987,49,1,0
119,59,Female,108296,59,49,8348,14,3,0
120,56,Female,70952,71,83,5509,27,8,0
121,58,Female,25463,92,102,2613,33,6,0
122,45,Female,132164,9,100,1544,22,7,1
123,24,Female,90448,92,7,2931,48,2,0
124,26,Female,24648,6,30,8479,3,6,0
125,25,Female,53623,29,83,2082,23,8,0
126,29,Female,79156,58,49,1808,21,8,0
127,51,Male,55634,17,89,5417,41,4,0
128,50,Male,64602,16,16,9293,23,6,0
129,65,Male,134598,87,111,2120,4,5,0
130,40,Male,69334,95,118,8003,21,9,0
131,41,Male,88648,3,104,5266,37,8,0
132,54,Female,42054,21,51,5862,43,2,0
133,52,Female,90028,64,72,5692,31,7,0
134,61,Female,42207,90,82,7122,21,7,0
135,57,Female,100650,36,92,6593,26,1,1
136,39,Female,119821,86,80,7204,41,1,0
137,44,Female,101554,62,116,600,35,4,0
138,52,Female,41386,42,83,7157,38,5,1
139,18,Male,103276,76,42,6375,24,4,0
140,52,Male,79518,42,17,4771,11,7,1
141,54,Male,72781,61,63,737,41,3,0
142,64,Male,72780,13,45,7726,29,7,0
143,31,Female,81440,11,77,8532,47,8,0
144,20,Female,64199,54,7,5718,3,6,1
145,18,Female,81035,16,27,4525,1,6,0
146,22,Male,28210,8,10,6573,19,8,1
147,43,Female,64363,59,34,3042,46,8,0
148,31,Female,131175,57,36,2037,49,7,1
149,56,Female,98279,40,25,1254,22,6,0
150,44,Male,80348,59,6,7896,14,6,0
151,26,Female,75284,2,24,8323,49,6,1
152,32,Male,127628,94,18,6007,14,8,1
153,32,Male,129835,94,87,4735,44,1,0
154,43,Male,92124,76,6,1040,16,5,0
155,59,Male,88847,10,29,6010,33,3,0
156,30,Female,42432,44,25,8961,13,8,0
157,68,Male,146252,11,55,8426,38,6,0
158,49,Male,84089,79,81,5631,49,2,0
159,56,Female,75398,80,46,9197,12,7,0
160,66,Female,119291,81,24,1629,38,7,0
161,69,Male,23321,90,75,3645,39,5,0
162,49,Female,101348,2,26,9053,33,8,0
163,21,Male,57383,50,115,4220,33,5,0
164,47,Male,133816,12,98,4567,29,1,0
165,54,Male,98682,90,28,4695,5,9,0
166,40,Male,143053,23,3,9744,6,4,0
167,56,Female,99190,18,75,7781,31,2,0
168,62,Male,72893,62,38,3009,16,4,1
169,32,Female,55820,96,61,5516,31,9,0
170,60,Female,141262,62,78,7033,25,2,1
171,46,Female,86262,38,51,5227,48,4,0
172,53,Female,23760,67,90,1181,46,2,0
173,30,Male,42190,38,48,4432,33,5,0
174,49,Female,87411,67,21,6060,13,3,0
175,24,Male,43377,94,54,4516,10,2,0
176,68,Female,66737,61,56,7839,24,9,0
177,39,Female,89569,1,103,1219,10,5,0
178,45,Male,58211,94,94,574,41,5,0
179,19,Male,102909,45,59,9985,31,1,0
180,59,Male,23744,96,72,4657,13,6,0
181,62,Female,145566,28,51,9011,3,7,0
182,23,Female,44995,21,20,2649,34,1,1
183,45,Male,36977,13,112,7213,49,9,0
184,45,Male,149508,27,96,4707,28,8,0
185,61,Male,117938,7,86,7641,19,8,0
186,61,Male,54542,22,59,9152,23,7,1
187,37,Female,30651,74,71,9578,45,5,0
188,47,Male,119239,53,9,4436,32,3,0
189,28,Male,98931,79,109,9807,13,9,0
190,45,Male,115344,79,1,1575,33,7,0
191,42,Male,122112,4,29,4376,34,8,0
192,56,Female,36715,96,63,5115,33,6,0
193,50,Male,64409,23,72,7765,5,5,1
194,18,Female,44306,70,56,6879,3,8,0
195,44,Male,39086,88,118,9618,7,3,0
196,69,Male,34376,84,68,5152,24,7,0
197,30,Female,81350,84,35,7292,22,2,0
198,58,Male,91425,76,3,9747,45,3,0
199,20,Female,123358,33,118,7956,23,2,0
200,56,Female,56636,28,109,5174,30,5,0
201,23,Male,106120,8,104,1041,18,7,0
202,25,Female,134889,1,7,2661,32,1,0
203,44,Female,71649,37,27,2751,7,9,0
204,26,Female,54610,63,1,9744,33,1,0
205,54,Female,30058,22,91,5069,5,1,0
206,50,Female,144876,70,80,3244,49,8,0
207,68,Female,148265,21,102,6541,28,6,0
208,59,Female,94637,96,71,5175,8,6,0
209,61,Female,98033,35,44,2060,15,9,0
210,41,Male,90194,79,87,1664,4,4,0
211,32,Male,96917,5,41,5919,34,8,0
212,49,Female,84200,60,75,3222,5,4,1
213,49,Male,125848,46,42,970,33,2,0
214,41,Female,126022,50,117,1968,5,8,0
215,58,Female,66619,48,33,8425,38,7,0
216,69,Male,37154,6,50,1308,34,4,0
217,66,Female,39539,89,63,8863,26,9,1
218,66,Female,145381,56,100,7219,1,9,0
219,69,Female,80058,59,37,5573,4,8,0
220,29,Female,82068,29,105,8512,39,1,0
221,56,Male,97313,71,59,2145,26,7,1
222,19,Female,119932,77,81,8749,33,5,0
223,20,Female,50373,18,99,1629,33,7,1
224,66,Female,53154,2,48,1853,8,9,0
225,54,Male,26031,8,5,1267,20,2,0
226,66,Female,113533,75,48,4395,16,4,0
227,34,Male,91975,97,96,9374,21,4,1
228,66,Male,42785,54,3,3954,45,2,1
229,19,Female,98928,38,116,7829,26,3,0
230,19,Female,138696,48,47,2290,23,8,0
231,45,Male,48669,27,62,1385,18,9,0
232,40,Female,114475,20,99,8234,31,6,0
233,54,Male,137154,12,116,4406,42,2,0
234,49,Male,22282,43,14,4992,12,2,0
235,50,Female,54624,61,63,2573,1,7,0
236,18,Female,68438,31,112,812,42,8,0
237,36,Male,109900,91,61,6769,9,8,0
238,19,Male,87534,96,31,5817,3,6,0
239,61,Male,51705,61,95,1310,26,8,1
240,43,Male,58244,74,17,7341,9,1,0
241,49,Female,94964,67,24,2532,42,9,0
242,23,Female,57437,91,116,7629,16,1,0
243,49,Female,97872,35,23,3205,24,3,0
244,21,Female,94878,95,82,9288,14,9,0
245,28,Female,139006,15,50,2647,3,5,0
246,34,Male,125368,16,118,1115,34,9,0
247,55,Female,92982,13,78,1447,33,9,1
248,41,Female,70583,35,114,6177,24,6,0
249,22,Female,58392,75,79,5151,9,1,0
250,69,Female,27461,59,79,8366,13,7,1
251,51,Female,120123,21,70,2513,2,6,0
252,23,Male,30516,54,27,4197,7,9,0
253,39,Male,99285,75,15,990,48,7,1
254,28,Male,37514,30,50,4850,21,4,0
255,65,Female,148657,48,36,2928,19,7,0
256,33,Male,141251,35,119,5487,25,2,1
257,50,Male,120962,86,8,9233,47,6,0
258,26,Female,56268,38,79,9979,22,6,1
259,23,Female,110486,31,3,5420,11,2,0
260,33,Female,120424,78,62,3426,33,4,0
261,46,Male,56788,24,47,7782,32,8,0
262,20,Male,95749,49,77,4876,21,8,1
263,37,Female,81049,96,105,9990,39,8,0
264,53,Female,82493,32,98,5368,20,8,0
265,36,Male,56027,55,88,7486,8,1,0
266,43,Male,113547,79,104,7362,42,2,0
267,20,Female,62849,58,96,4923,37,4,0
268,36,Female,120127,99,61,7370,9,9,1
269,37,Male,37858,3,32,8659,25,3,0
270,49,Female,104162,80,94,2573,25,6,0
271,24,Male,99003,69,116,6670,33,7,0
272,69,Male,72395,85,113,1201,2,8,0
273,58,Male,59758,10,13,8613,19,7,0
274,50,Male,74312,83,1,7325,46,3,0
275,57,Female,88670,25,34,8367,20,6,0
276,56,Female,136758,68,62,4764,42,5,0
277,35,Male,102279,61,79,8468,41,4,0
278,57,Male,35434,29,108,8646,42,1,0
279,18,Male,84047,19,78,8276,29,7,0
280,28,Male,67775,43,93,9058,6,8,1
281,45,Male,95769,66,98,9219,17,2,0
282,42,Female,134682,74,82,5386,25,7,0
283,67,Female,86677,61,118,4435,38,6,0
284,40,Female,103555,43,71,5119,4,5,0
285,48,Female,148379,25,93,5691,30,4,0
286,47,Male,105920,20,119,7375,20,2,0
287,59,Male,128439,48,31,8356,3,6,0
288,52,Male,65734,83,64,5901,23,5,0
289,24,Male,121665,87,25,3522,18,2,0
290,33,Male,108503,24,38,6238,26,7,0
291,43,Female,60603,11,14,6484,36,6,0
292,65,Male,96708,98,8,2270,8,9,0
293,69,Female,101926,55,91,9489,17,5,0
294,66,Female,88803,28,54,3715,31,9,1
295,19,Female,59332,69,2,7194,37,9,1
296,18,Female,111703,63,81,3476,45,1,0
297,65,Male,41312,59,101,4237,33,5,0
298,29,Female,113376,5,78,1252,27,9,0
299,22,Female,104526,51,89,1892,45,7,0
300,54,Female,64179,21,56,7289,4,6,0
301,49,Male,91442,12,94,1177,22,6,1
302,26,Male,134332,50,93,605,26,7,0
303,58,Male,137961,4,84,5253,32,1,1
304,52,Female,60379,42,85,2446,24,4,0
305,36,Female,37297,84,61,6044,46,1,0
306,65,Male,22011,38,117,1595,35,6,0
307,33,Female,136130,25,22,7485,37,4,1
308,20,Male,140234,14,35,2282,32,1,0
309,37,Male,64014,75,101,5041,7,9,0
310,41,Female,132094,32,16,3757,33,4,1
311,50,Female,31738,11,50,6713,31,6,0
312,41,Female,114333,61,113,5369,12,7,0
313,69,Female,67498,18,43,2061,11,8,0
314,28,Male,147792,27,17,4506,24,9,0
315,66,Male,31120,55,80,9814,8,9,0
316,25,Male,136517,54,58,4481,32,8,0
317,53,Male,28767,82,119,9993,38,3,0
318,55,Male,42852,87,2,6182,22,2,0
319,57,Female,99239,75,4,6282,34,5,0
320,37,Male,20929,21,85,1443,19,1,0
321,52,Male,97487,44,39,5050,20,3,1
322,65,Male,138387,5,98,9637,14,1,1
323,42,Female,111575,87,94,1100,33,3,0
324,52,Female,146155,41,6,6876,10,4,0
325,42,Female,134149,59,81,2024,16,7,0
326,46,Female,115040,89,103,4266,4,5,0
327,35,Male,37438,54,89,750,27,5,0
328,63,Male,68515,74,69,578,28,1,0
329,35,Female,25744,22,69,3623,43,8,0
330,19,Female,103820,83,20,9589,16,4,0
331,52,Male,62417,65,64,7564,33,5,0
332,33,Male,125284,64,16,8917,48,2,0
333,58,Female,27069,71,51,1709,19,1,0
334,53,Female,62359,4,105,5653,21,9,0
335,50,Female,39799,65,37,5398,22,2,0
336,21,Female,118746,15,104,2678,9,6,1
337,50,Male,113762,76,73,8110,9,1,0
338,31,Male,140906,22,69,9395,9,1,0
339,38,Male,90188,86,42,3044,27,9,0
340,65,Female,109859,47,57,6022,17,4,0
341,37,Female,142521,81,66,2870,44,9,0
342,25,Male,127674,93,9,3781,45,5,0
343,24,Male,27597,46,107,5210,8,7,0
344,20,Male,67093,14,100,828,16,1,0
345,34,Male,57226,50,86,6079,18,6,0
346,50,Female,92127,20,64,4728,33,8,0
347,65,Male,134650,50,86,7294,1,1,0
348,29,Male,111369,33,22,620,12,9,1
349,68,Male,97362,59,34,7249,6,3,0
350,39,Male,46417,43,55,1464,41,1,0
351,39,Male,38693,79,29,4724,5,1,0
352,63,Male,99674,12,38,4175,16,6,0
353,47,Male,140956,40,110,6194,18,6,0
354,55,Female,135598,20,97,2576,49,1,0
355,55,Female,139028,94,18,7365,18,3,0
356,62,Female,147517,38,71,6143,1,7,0
357,68,Female,73161,3,65,9024,19,3,1
358,25,Male,141316,28,97,5749,8,3,0
359,44,Female,22169,56,1,1816,3,3,0
360,44,Female,104092,90,88,1696,25,7,0
361,51,Male,42052,94,4,3670,5,4,0
362,38,Male,91849,13,4,855,40,4,0
363,47,Female,93851,77,82,528,19,3,1
364,50,Female,28036,66,27,1513,18,9,0
365,45,Male,51778,37,43,9519,31,2,0
366,64,Female,47734,49,59,2524,33,4,1
367,50,Male,43173,66,32,8990,47,8,0
368,22,Male,50403,36,33,6339,18,6,0
369,65,Male,86321,54,28,6291,39,7,0
370,36,Male,91675,26,106,1254,16,7,0
371,21,Female,26344,75,105,9461,16,2,0
372,52,Male,38800,72,55,4235,47,4,0
373,66,Male,45372,40,100,1738,38,6,0
374,34,Female,81516,43,60,2406,41,3,0
375,61,Male,40538,22,70,7899,7,9,0
376,45,Female,83918,20,62,8461,14,4,0
377,47,Female,34973,8,80,9910,43,2,0
378,46,Female,91155,29,34,5101,48,6,0
379,63,Male,120240,40,87,1960,25,1,0
380,23,Female,79500,90,114,8169,32,6,0
381,52,Female,56575,30,106,1916,38,1,0
382,58,Male,125455,81,88,8266,22,8,1
383,54,Female,62261,84,56,1928,16,5,0
384,41,Female,130659,55,113,4878,29,6,0
385,46,Female,47716,16,13,8029,16,2,1
386,66,Female,23236,46,56,4974,12,2,0
387,63,Female,35848,62,18,3571,17,9,0
388,48,Male,22352,7,54,1055,37,3,0
389,52,Female,21932,80,77,9047,27,6,0
390,50,Female,96449,45,113,2063,25,5,0
391,69,Male,28556,59,101,1540,13,4,0
392,38,Male,106836,56,43,3186,8,2,0
393,49,Male,25498,48,39,3053,5,8,0
394,40,Female,96118,27,61,2279,12,7,0
395,50,Male,70098,53,42,575,41,2,0
396,20,Female,84386,87,81,4826,3,6,0
397,35,Female,132169,88,79,6335,35,8,0
398,42,Male,29569,73,18,5557,33,7,1
399,59,Male,136127,35,23,2849,22,1,0
400,48,Female,146060,51,54,3273,44,5,0
401,20,Male,76882,84,115,2762,9,2,0
402,57,Female,90393,37,30,3729,41,6,1
403,63,Male,20340,81,98,892,18,7,0
404,41,Male,63949,95,58,1608,29,7,0
405,67,Male,102302,57,68,4862,39,3,1
406,49,Female,82443,8,67,5688,27,7,1
407,64,Male,111668,79,71,9302,36,5,0
408,39,Female,94027,95,18,5557,45,8,0
409,40,Female,20138,94,106,4498,17,8,0
410,19,Female,20358,20,7,9364,34,7,1
411,44,Female,139619,53,40,7066,46,6,0
412,59,Male,95250,12,70,4177,3,2,1
413,19,Female,105376,49,86,6296,5,6,0
414,43,Female,119931,17,65,6863,14,9,0
415,34,Male,50654,64,68,8623,3,2,0
416,57,Female,45879,42,110,8722,23,1,0
417,50,Male,101532,94,49,8190,39,5,0
418,26,Female,75778,29,52,1900,30,6,0
419,60,Male,57772,19,114,4571,45,3,0
420,65,Female,78478,11,107,9308,23,8,0
421,56,Male,84353,98,29,3286,27,7,0
422,46,Female,46762,50,21,7669,10,2,0
423,59,Female,33283,71,90,1370,25,7,0
424,43,Male,83922,58,78,4696,13,1,0
425,52,Male,59420,34,9,3239,16,9,0
426,67,Male,75568,20,47,1440,41,7,1
427,42,Male,105090,50,76,840,34,6,0
428,41,Female,40219,88,42,7922,37,2,0
429,30,Female,77169,10,51,4633,22,3,0
430,24,Male,120455,32,56,1159,17,1,0
431,53,Female,94965,52,51,3957,23,5,0
432,62,Male,66840,15,70,3475,36,9,1
433,37,Male,64695,84,20,9741,49,6,1
434,18,Female,125209,3,88,953,9,5,0
435,25,Female,104754,37,27,8684,2,3,0
436,63,Female,97988,40,38,5942,32,5,0
437,33,Female,78342,72,72,1318,22,8,0
438,31,Female,134516,40,65,5368,43,2,0
439,29,Female,38951,56,54,512,13,5,0
440,68,Female,21307,23,113,8227,8,6,0
441,40,Male,100388,11,113,1420,1,8,1
442,32,Male,110768,64,24,5420,17,8,0
443,45,Male,55428,8,47,2918,12,5,0
444,51,Male,128707,93,71,6975,4,9,0
445,19,Male,112021,94,83,2517,13,4,1
446,49,Female,138418,56,86,8457,31,9,0
447,40,Male,95774,60,63,9920,41,7,0
448,39,Male,58975,10,57,5292,7,6,0
449,68,Male,137850,39,55,7330,23,4,0
450,42,Male,21140,28,60,2934,24,2,0
451,39,Male,148865,49,99,3368,5,8,0
452,39,Male,44842,36,62,1938,5,6,0
453,66,Male,46421,13,30,4043,17,3,0
454,69,Female,21708,96,93,2281,30,7,1
455,59,Female,23630,36,22,6843,9,7,0
456,23,Male,39595,26,75,2763,6,6,0
457,32,Female,96021,86,84,711,25,2,0
458,60,Female,48308,4,29,9199,19,8,0
459,54,Female,64789,95,115,6659,16,1,0
460,50,Female,75690,82,41,7527,21,1,1
461,25,Male,46086,64,42,831,2,6,1
462,61,Female,36859,38,98,7360,10,5,0
463,61,Female,27684,88,65,8544,16,9,0
464,22,Female,111088,87,31,8669,37,7,0
465,56,Male,21207,22,30,9242,15,2,0
466,21,Male,66099,2,112,6220,13,7,0
467,23,Male,87496,31,18,9633,13,3,0
468,62,Male,86093,11,119,1227,32,1,1
469,49,Male,49689,92,17,5475,45,8,0
470,69,Male,68651,46,38,3743,47,3,0
471,47,Male,33893,96,14,1148,46,8,1
472,64,Female,117808,62,87,5595,8,7,0
473,52,Female,86418,69,89,7114,43,2,0
474,57,Female,145074,64,79,7635,18,1,0
475,69,Male,123065,10,110,1509,36,7,0
476,33,Male,80011,40,56,2050,26,1,1
477,30,Male,58635,24,22,9495,10,6,1
478,67,Male,76115,99,67,7992,31,8,1
479,59,Male,115071,44,56,3901,33,7,1
480,47,Female,98405,60,119,7947,29,4,0
481,36,Female,92702,62,19,5924,5,1,1
482,34,Male,98518,87,57,4741,13,1,1
483,36,Male,126233,17,44,3661,1,4,0
484,45,Male,123651,65,98,4655,23,5,0
485,43,Male,92805,95,35,7978,40,7,0
486,54,Female,78954,95,114,9219,3,4,0
487,43,Male,48064,57,1,9715,3,1,0
488,40,Male,142813,55,52,7117,7,7,1
489,26,Male,99063,53,85,6160,36,2,1
490,29,Male,22454,56,93,9124,35,2,0
491,18,Female,40878,98,70,1676,15,8,0
492,18,Male,71098,9,37,8456,40,5,1
493,64,Male,82154,22,65,9092,3,2,0
494,51,Female,32991,13,51,2733,29,5,0
495,49,Female,88344,89,1,5200,30,8,0
496,65,Female,124946,48,91,6406,39,6,1
497,42,Male,56593,18,21,8360,18,3,1
498,57,Male,56304,76,53,8026,11,8,0
499,62,Female,50386,40,16,6059,43,9,0
500,18,Female,75220,17,108,7232,49,5,1
501,33,Female,133613,15,61,3013,38,2,0
502,56,Female,89338,15,54,8330,40,2,0
503,22,Female,114289,79,40,7444,1,7,0
504,39,Female,41083,63,26,8410,29,1,0
505,46,Male,38354,39,80,6149,10,2,0
506,20,Male,42190,13,92,1596,28,4,0
507,29,Male,26142,81,65,9620,31,1,1
508,43,Female,48398,32,100,2451,19,4,0
509,33,Female,71971,9,74,9686,3,5,1
510,68,Female,61862,40,64,8299,36,9,1
511,54,Female,118668,20,43,9304,43,1,0
512,39,Female,73410,90,17,1095,15,5,0
513,46,Female,39503,91,59,8375,33,2,0
514,31,Male,145438,85,23,9533,41,9,0
515,45,Male,68456,82,7,4939,43,6,0
516,22,Female,120167,77,44,6472,45,2,0
517,64,Male,102035,80,53,1358,26,3,0
518,66,Female,125388,73,71,6019,16,8,0
519,47,Male,28016,63,108,7885,36,1,1
520,63,Female,22384,76,79,9136,33,3,0
521,69,Female,82320,44,34,4817,20,1,0
522,22,Male,35072,38,46,3954,13,8,0
523,29,Male,122239,83,109,1530,33,1,1
524,33,Female,131431,60,68,9987,5,5,0
525,43,Female,100018,71,78,8406,37,4,0
526,43,Male,60510,99,78,1947,14,7,0
527,65,Male,68933,48,16,3350,27,5,0
528,38,Female,41826,18,71,8606,23,8,1
529,56,Male,88026,16,96,7651,14,1,0
530,53,Female,141668,55,19,7452,40,5,0
531,50,Female,131628,39,2,4555,4,4,0
532,47,Female,45518,68,10,5902,39,3,1
533,54,Female,44045,59,50,9781,19,5,0
534,40,Male,70876,89,81,2172,47,3,1
535,27,Male,112446,96,101,5032,4,8,0
536,22,Male,110102,62,12,5424,30,3,0
537,53,Male,71919,13,70,6585,19,1,0
538,51,Male,119441,81,22,8234,31,9,0
539,69,Male,47103,6,32,5364,31,9,0
540,48,Male,138805,83,105,9816,9,6,1
541,27,Female,56188,77,84,1721,13,1,0
542,36,Male,25845,60,1,3360,14,8,1
543,49,Male,106698,90,54,8928,46,2,0
544,18,Female,56674,14,111,9836,10,9,0
545,22,Male,138325,95,117,3753,48,8,1
546,62,Male,39337,54,58,4282,31,3,0
547,21,Female,42313,4,70,7457,37,5,0
548,33,Male,46943,39,83,1266,23,9,1
549,41,Male,97949,72,18,3181,27,1,0
550,33,Male,20276,25,6,8210,6,9,0
551,19,Female,71151,77,45,7982,26,4,1
552,66,Male,37611,32,97,5586,2,4,0
553,45,Male,124641,59,23,8464,45,4,1
554,49,Female,31944,63,23,3165,13,9,0
555,44,Male,72887,38,26,4013,19,6,0
556,37,Female,101442,92,77,995,1,8,0
557,41,Female,69847,53,7,6322,40,4,0
558,29,Male,78653,94,79,2572,32,3,0
559,67,Female,106072,67,44,8295,22,1,1
560,52,Female,142589,28,27,9029,48,7,0
561,50,Male,76622,3,26,4449,29,4,0
562,50,Female,47810,98,97,6533,2,8,0
563,68,Female,97842,80,79,8828,40,3,0
564,60,Male,142225,22,36,3055,38,1,0
565,54,Male,30503,96,109,6870,48,5,0
566,29,Male,104761,38,55,4915,11,2,0
567,20,Female,56976,72,64,6459,17,3,0
568,18,Male,146439,72,91,9607,43,6,0
569,50,Female,31590,62,57,6493,8,3,0
570,57,Female,143421,57,69,5521,22,3,0
571,27,Female,30886,6,61,3407,4,6,0
572,60,Female,32866,78,2,3414,11,5,0
573,61,Female,86624,32,55,4370,8,9,1
574,46,Female,88899,99,97,9690,9,1,1
575,30,Female,52792,10,80,5585,26,3,0
576,29,Male,29764,3,87,7046,2,3,0
577,48,Male,140832,59,38,895,16,6,1
578,63,Female,145838,76,119,1438,31,8,0
579,19,Female,140356,49,80,3010,6,3,0
580,68,Male,106156,59,78,5136,21,3,0
581,67,Female,62727,31,29,2149,26,6,0
582,52,Male,98471,93,26,4190,19,8,0
583,40,Male,28068,69,35,3935,28,6,0
584,34,Male,136923,62,79,3701,8,3,0
585,43,Female,27295,52,67,4679,14,4,0
586,25,Female,61160,89,87,8905,24,1,1
587,46,Male,31390,41,29,3737,48,8,0
588,43,Male,126752,31,34,4362,44,4,0
589,27,Male,40131,85,97,558,37,6,0
590,43,Male,114754,84,41,5438,26,3,0
591,51,Male,95969,22,41,3471,31,6,0
592,68,Female,35038,4,23,8814,32,9,0
593,58,Male,72327,13,71,9854,41,9,0
594,24,Female,113718,45,3,3845,2,3,0
595,21,Male,97064,42,58,2986,25,3,0
596,67,Female,41281,49,32,1061,44,4,0
597,62,Female,74189,20,31,4481,2,7,0
598,28,Female,68511,77,82,6761,42,3,0
599,46,Female,142115,81,43,2237,1,8,0
600,53,Female,28605,54,7,9596,36,8,0
601,42,Female,120318,36,105,4054,12,6,0
602,38,Male,21381,97,1,9626,9,4,0
603,53,Female,86634,1,61,7595,36,5,0
604,27,Male,39810,15,14,8766,41,2,0
605,54,Female,138343,77,52,794,28,6,1
606,26,Female,44322,17,96,8712,38,3,1
607,41,Male,61869,24,6,9730,33,6,0
608,52,Female,52955,58,103,5830,42,5,0
609,66,Male,81388,72,10,5155,46,2,0
610,52,Male,130252,91,71,1609,22,5,0
611,65,Male,30207,23,90,4271,25,5,0
612,53,Male,107329,46,98,9063,18,9,0
613,35,Female,87628,72,30,6623,6,8,0
614,66,Female,48220,8,100,8147,18,7,0
615,56,Male,104050,59,21,1674,16,3,0
616,49,Female,123546,90,60,1664,15,4,0
617,41,Female,94085,59,81,9784,48,6,0
618,40,Male,42031,13,97,9975,8,3,0
619,49,Female,90721,39,74,9537,13,9,0
620,54,Male,100807,28,115,9212,43,8,0
621,29,Male,91312,89,63,4966,7,6,0
622,66,Female,79766,61,111,6038,17,4,0
623,30,Female,32449,16,42,7611,32,7,0
624,40,Female,109833,2,51,8934,22,3,0
625,42,Male,76699,82,64,3300,13,8,0
626,52,Male,126127,17,76,5107,47,1,0
627,58,Female,101253,30,56,7762,23,3,0
628,47,Female,125659,13,80,2041,29,5,0
629,34,Female,124769,96,41,3265,22,5,1
630,66,Female,131041,93,32,4991,1,2,0
631,37,Male,136185,94,15,3583,29,8,0
632,65,Female,66092,82,62,5856,48,5,0
633,42,Male,83671,13,27,2357,5,7,1
634,39,Male,30350,43,28,1269,35,7,0
635,30,Female,116158,85,81,1922,10,5,0
636,36,Female,120859,94,64,9098,19,8,0
637,66,Female,140097,21,110,3472,37,9,1
638,53,Male,145222,55,59,2372,7,4,0
639,29,Female,88487,81,114,6099,46,4,0
640,58,Female,37622,40,58,2769,35,8,0
641,36,Male,143853,83,2,5775,45,1,0
642,29,Female,90263,15,36,5249,13,4,1
643,26,Male,73117,73,114,7071,10,6,0
644,24,Female,123990,52,71,9873,2,4,0
645,45,Male,78394,74,13,5572,6,6,1
646,31,Female,122005,95,15,5963,8,5,1
647,48,Female,121084,53,89,7950,36,9,0
648,69,Male,43782,87,87,8920,25,9,0
649,36,Male,136276,52,60,4459,44,4,1
650,64,Female,48454,30,22,1813,47,4,0
651,33,Male,87904,33,63,8347,40,8,1
652,22,Male,149936,57,90,1570,7,4,1
653,52,Male,35592,52,97,9666,46,2,0
654,29,Male,42173,9,75,3785,23,2,1
655,42,Female,53204,54,74,9449,19,1,0
656,69,Female,55596,1,25,3595,46,5,0
657,38,Male,54324,44,101,820,22,6,0
658,53,Male,142258,99,48,2821,13,9,1
659,40,Male,131668,75,43,1055,21,5,0
660,33,Male,81202,98,117,5439,1,6,0
661,56,Female,109400,80,38,5932,19,6,1
662,62,Female,144184,9,41,1886,33,3,0
663,59,Male,133365,32,45,5263,4,4,0
664,56,Male,50750,15,88,7354,42,1,1
665,31,Male,96112,12,40,8137,3,4,0
666,48,Female,36566,97,110,5341,27,1,1
667,22,Male,27190,78,97,4367,41,5,1
668,52,Female,108607,57,17,4293,35,8,0
669,40,Male,58333,8,88,7873,28,8,0
670,46,Female,141929,72,101,3013,6,5,0
671,60,Male,100905,27,57,4303,6,2,0
672,28,Female,109571,62,2,2827,44,6,0
673,35,Male,140263,12,96,9309,23,1,0
674,64,Male,21589,65,62,2665,33,7,0
675,29,Male,144467,42,88,3808,16,4,0
676,26,Female,45235,62,9,6952,24,5,0
677,27,Male,20159,11,68,8567,5,6,0
678,61,Female,32145,43,81,8142,41,1,0
679,34,Female,100909,95,17,6904,42,9,0
680,55,Male,51921,17,117,1492,13,4,0
681,24,Male,124859,97,50,5924,47,8,0
682,63,Male,36237,32,112,4881,12,5,0
683,30,Female,127507,93,94,3674,5,8,1
684,57,Male,28244,85,40,5282,37,1,0
685,59,Female,34743,85,58,9997,31,8,0
686,26,Female,117102,40,75,6060,28,4,0
687,67,Male,66101,23,85,7960,28,2,0
688,44,Male,131645,56,21,3578,30,6,0
689,19,Male,141534,6,18,3483,18,2,0
690,22,Male,104227,86,55,7759,44,5,0
691,46,Male,119532,50,29,6554,27,2,0
692,54,Male,76378,37,24,3023,35,3,1
693,55,Female,91126,64,74,5081,26,6,0
694,36,Female,76071,54,109,6109,39,1,0
695,25,Female,91121,72,17,2501,49,6,1
696,65,Male,94763,49,18,1887,18,3,0
697,62,Female,113814,99,42,7052,33,7,0
698,18,Female,124350,11,112,1530,25,2,0
699,39,Female,32237,88,84,1720,31,6,0
700,69,Female,35649,49,101,6535,37,8,0
701,34,Female,57713,21,45,9955,2,1,0
702,24,Male,93463,66,82,7023,33,9,0
703,42,Male,65409,63,17,8574,39,5,0
704,62,Female,68766,83,73,9563,43,5,0
705,21,Female,66154,28,14,1334,43,5,0
706,53,Female,27016,17,49,9610,32,6,0
707,23,Male,99563,6,29,2224,18,2,0
708,48,Male,68688,19,95,7098,17,6,0
709,36,Female,109678,56,4,2913,34,4,0
710,61,Male,132056,28,82,6493,39,8,0
711,56,Male,74238,66,20,4998,7,9,0
712,44,Female,78608,38,47,2605,42,9,0
713,27,Male,109081,37,107,3068,35,8,0
714,43,Male,136572,68,108,9830,30,3,0
715,36,Female,51897,86,9,709,12,4,0
716,56,Male,70961,90,77,9756,35,1,0
717,20,Male,88703,49,79,5411,11,9,0
718,62,Female,64757,43,27,2720,44,5,0
719,30,Male,46917,36,15,733,4,6,0
720,67,Male,42736,58,92,1292,25,3,0
721,45,Female,47990,13,101,3610,48,8,1
722,37,Female,82551,52,119,2666,32,7,0
723,45,Female,78161,58,19,9026,20,1,0
724,25,Male,99623,32,90,5693,31,5,1
725,58,Female,42440,81,52,1714,4,9,0
726,56,Male,55205,60,26,4919,38,6,0
727,18,Female,141156,83,89,7814,47,8,0
728,20,Male,100811,58,26,8975,1,1,0
729,30,Female,143768,99,26,712,3,7,0
730,45,Female,75103,56,46,2158,37,3,0
731,66,Female,90812,28,92,5524,22,9,0
732,42,Female,61627,1,49,6417,17,6,0
733,50,Male,126122,42,82,5641,14,5,0
734,55,Female,123032,82,96,2294,41,8,0
735,23,Female,39008,48,53,6488,35,8,1
736,61,Male,91274,40,3,8796,13,3,0
737,62,Female,52402,97,66,6078,35,2,1
738,49,Male,73384,63,97,6051,43,2,0
739,62,Female,148922,76,42,4345,2,5,0
740,64,Female,25793,72,19,7406,47,7,0
741,38,Female,122827,88,17,878,13,8,0
742,33,Male,25571,80,108,3793,16,8,1
743,38,Female,116867,4,33,3829,18,8,1
744,28,Female,36209,38,76,5308,7,3,0
745,54,Female,133550,27,49,8437,45,2,0
746,53,Male,110930,9,56,724,36,4,0
747,52,Male,63148,16,63,1237,41,1,1
748,36,Female,111218,56,3,735,30,3,0
749,37,Male,22224,76,107,1211,42,9,0
750,35,Female,126693,31,49,6488,41,7,0
751,64,Female,145551,88,55,2388,7,7,0
752,58,Female,68695,14,26,7673,15,1,1
753,66,Female,140779,25,99,1759,40,7,0
754,31,Female,149714,34,72,5746,19,7,0
755,32,Female,129988,67,52,7771,43,4,0
756,48,Female,128944,24,100,1248,37,7,0
757,18,Male,52441,73,117,4051,2,8,0
758,20,Male,126966,26,118,6900,42,3,0
759,33,Male,59129,20,7,7143,48,2,0
760,40,Male,120252,64,46,9201,13,7,1
761,28,Male,82368,10,46,2323,40,5,0
762,29,Male,130395,83,100,7352,41,5,0
763,27,Male,112122,67,16,8277,43,5,0
764,49,Female,64760,24,24,4732,43,7,0
765,33,Female,149655,5,61,7019,31,9,0
766,25,Female,43478,67,54,2277,16,8,1
767,55,Female,147881,58,62,1722,42,6,0
768,29,Male,91854,27,1,8130,44,7,0
769,41,Male,114230,80,49,2277,6,9,0
770,45,Female,105716,15,25,9996,28,6,0
771,25,Female,32180,35,10,7990,32,1,0
772,45,Male,118538,76,118,5359,44,4,0
773,53,Female,35372,53,80,9393,10,8,0
774,43,Female,49796,44,16,8618,18,7,0
775,25,Female,78272,26,58,3489,4,3,0
776,67,Female,138295,47,72,8843,9,3,0
777,45,Male,109963,34,29,1825,7,3,0
778,45,Female,118826,87,103,9993,8,1,0
779,54,Female,140592,95,92,5627,43,1,0
780,58,Male,113635,50,6,9498,7,6,1
781,53,Male,131022,84,16,3222,41,1,0
782,44,Female,74040,12,20,5156,40,5,0
783,34,Male,95357,87,80,1825,3,4,0
784,26,Female,91368,4,71,4633,17,5,1
785,50,Female,98356,87,105,9851,2,7,1
786,37,Male,36211,48,78,3369,15,6,0
787,30,Female,125426,55,43,1742,46,9,0
788,45,Female,25842,1,26,9039,29,6,1
789,65,Female,83115,89,90,2331,48,9,0
790,46,Female,86852,66,78,2069,22,4,0
791,30,Male,145737,30,71,7746,4,1,1
792,63,Male,65968,3,33,2418,6,1,0
793,52,Female,37508,21,26,6916,38,7,0
794,23,Male,42005,89,45,3732,26,3,1
795,35,Female,74575,84,84,4258,11,2,0
796,68,Female,100742,49,63,6497,26,6,0
797,22,Female,38971,86,67,2855,17,6,0
798,64,Female,45599,85,52,2324,24,7,0
799,42,Female,107592,62,68,7780,28,5,0
800,19,Male,86914,97,26,4560,35,8,0
801,27,Female,138062,38,75,5824,31,7,0
802,47,Male,87055,15,2,904,13,2,1
803,67,Male,107697,52,14,2221,35,1,0
804,62,Female,126239,79,108,5816,16,9,0
805,22,Female,124397,46,30,4345,15,5,0
806,50,Female,143106,25,49,4710,43,5,0
807,18,Female,25355,21,12,564,18,4,0
808,35,Female,74120,88,90,9991,47,2,1
809,49,Male,94619,5,44,6882,37,5,0
810,64,Female,58342,70,33,1468,48,2,0
811,66,Female,105992,47,13,868,48,7,0
812,28,Male,98860,87,78,8924,49,9,0
813,38,Male,22257,68,88,2742,41,9,0
814,43,Female,47364,91,98,5502,27,6,0
815,42,Male,44972,18,108,3583,35,1,0
816,39,Female,131715,21,26,8573,45,6,1
817,44,Male,46654,92,21,9612,35,5,0
818,66,Male,100769,99,28,9380,28,4,0
819,30,Female,101423,86,48,1969,39,6,0
820,50,Male,49320,23,100,5225,38,6,0
821,51,Male,40808,64,40,4759,9,6,0
822,58,Male,72389,67,66,4122,12,2,0
823,52,Male,115690,40,106,1323,15,7,0
824,18,Male,138581,10,73,3931,21,4,1
825,38,Male,147927,89,87,7028,35,9,0
826,65,Female,54773,52,79,4651,42,2,0
827,23,Female,71168,72,77,4713,33,5,1
828,45,Male,47747,75,23,7920,19,4,0
829,34,Female,96396,61,81,9489,23,9,0
830,22,Female,128374,64,48,1279,13,4,1
831,48,Female,127692,5,2,3392,44,8,0
832,22,Male,103692,53,84,6034,1,8,0
833,55,Female,77505,55,20,3806,29,6,0
834,20,Male,105896,37,59,3402,24,6,0
835,40,Female,38135,56,46,4218,16,8,0
836,54,Male,110887,59,3,521,25,9,0
837,54,Male,142118,93,55,2000,23,5,0
838,27,Female,116035,69,12,9534,28,1,0
839,27,Female,67377,73,40,4141,47,1,0
840,36,Male,43554,59,66,5712,16,2,1
841,34,Female,82491,2,100,691,43,5,1
842,38,Female,75621,65,78,9087,38,4,0
843,31,Female,134667,60,16,7674,11,1,1
844,26,Male,78283,51,83,5614,3,4,0
845,63,Male,105140,30,34,5162,15,4,0
846,18,Female,36923,11,44,4826,1,4,0
847,68,Female,67591,92,110,9565,7,1,0
848,62,Female,82261,76,6,4835,1,9,1
849,30,Male,136149,39,77,8781,49,3,0
850,21,Male,74336,90,64,9148,32,4,0
851,18,Female,94083,77,100,9696,9,5,0
852,66,Female,80948,72,22,5994,29,7,0
853,57,Female,129819,63,18,9036,26,6,0
854,49,Female,53002,64,12,3211,23,5,1
855,51,Female,100098,61,52,8095,45,8,0
856,45,Female,136236,54,118,6773,43,1,0
857,48,Male,93016,92,94,6784,29,7,0
858,25,Female,46672,94,117,9808,38,6,0
859,56,Male,24213,73,51,9317,33,5,0
860,43,Female,30293,95,104,4494,7,7,0
861,51,Female,119977,58,71,2178,12,3,0
862,20,Male,75860,85,96,8914,31,1,0
863,67,Male,82507,56,48,1243,32,9,1
864,29,Male,77134,34,19,962,20,2,0
865,18,Male,22100,31,6,2068,17,3,0
866,61,Female,130153,52,84,2236,36,8,1
867,22,Male,81997,89,27,8403,3,9,0
868,47,Female,48172,76,53,7502,1,3,0
869,47,Male,40132,1,107,9356,27,6,0
870,34,Female,137861,55,101,1856,47,7,0
871,65,Female,38199,22,48,1514,40,1,0
872,64,Female,56609,40,7,1554,33,7,0
873,40,Female,62965,1,59,2264,20,4,1
874,32,Female,28016,65,69,6509,14,5,1
875,54,Female,59779,63,11,4958,36,8,0
876,38,Male,122797,54,15,1167,5,4,0
877,31,Female,51881,42,64,3870,23,4,1
878,19,Male,102594,21,3,6476,45,8,0
879,28,Male,44472,79,69,1894,15,5,0
880,68,Female,126882,81,23,8790,6,6,0
881,56,Male,120462,22,53,4570,33,5,1
882,55,Female,71813,38,37,7482,19,1,0
883,51,Male,120368,99,9,9113,13,7,0
884,55,Female,146731,80,15,6099,29,6,0
885,67,Male,56021,8,3,4150,6,2,1
886,51,Female,74131,62,93,9824,15,7,0
887,35,Female,44087,47,70,4120,16,6,0
888,47,Female,32828,17,17,3690,24,5,0
889,32,Female,81610,17,26,9289,23,8,0
890,44,Male,116664,90,21,891,48,5,0
891,68,Female,143619,13,72,1575,10,2,1
892,51,Male,21401,17,21,3150,41,6,0
893,69,Male,105179,38,11,2884,41,1,0
894,55,Male,35193,81,38,1309,49,5,0
895,50,Female,112389,78,72,8547,17,6,0
896,41,Male,64864,45,106,6001,49,7,0
897,32,Male,40307,6,88,7395,44,2,0
898,47,Male,122518,35,35,1659,45,1,1
899,59,Female,39611,14,119,8074,30,6,0
900,68,Female,63791,72,14,2031,44,3,0
901,34,Male,31950,61,119,5981,46,5,0
902,22,Female,96240,15,14,8048,10,2,0
903,46,Female,128647,54,10,5476,19,1,0
904,21,Male,97403,27,12,6195,29,1,0
905,27,Male,22745,13,38,8945,2,4,0
906,34,Female,75243,31,108,4048,36,2,0
907,27,Male,23866,35,119,6663,19,1,0
908,34,Female,52245,60,110,7171,7,6,0
909,37,Female,64724,6,34,5764,26,4,0
910,41,Female,148681,69,41,1731,15,7,1
911,22,Female,91354,86,10,2923,47,6,0
912,51,Female,71374,58,17,8571,38,5,1
913,23,Female,134397,49,17,4761,3,2,0
914,19,Male,137480,23,67,3408,38,5,0
915,30,Male,144577,89,62,5212,16,9,0
916,60,Female,50116,34,95,7255,2,9,0
917,60,Female,101029,26,115,4383,31,2,0
918,65,Female,113574,47,1,4015,28,7,0
919,28,Male,40447,5,12,3903,7,4,0
920,68,Female,50431,90,103,5098,30,3,0
921,64,Male,37908,20,4,5508,43,1,0
922,40,Female,49336,6,42,6722,7,3,1
923,33,Female,60992,70,13,4509,36,9,0
924,48,Male,75350,59,98,3235,29,9,0
925,28,Male,89561,64,106,4991,24,7,0
926,33,Female,137254,18,85,9093,39,3,1
927,25,Female,71955,4,86,1474,4,3,0
928,21,Female,81240,17,4,723,29,4,0
929,57,Male,40093,14,82,5113,44,7,0
930,21,Male,26155,78,69,7277,5,7,0
931,42,Male,66607,13,19,8927,29,2,0
932,20,Male,53487,7,2,4711,30,5,0
933,49,Male,133194,44,12,725,29,7,1
934,20,Male,75668,15,81,8683,26,7,1
935,44,Female,40963,19,74,4777,19,6,0
936,46,Female,70124,63,98,1841,26,8,1
937,49,Male,72870,35,6,4536,37,3,0
938,67,Female,76547,81,8,8901,27,1,1
939,68,Female,84110,35,51,4227,30,3,0
940,36,Male,73554,19,11,4428,30,2,0
941,38,Female,40936,20,63,3303,3,2,1
942,22,Male,136895,35,57,9801,43,2,1
943,35,Male,24426,32,12,7058,7,5,0
944,45,Female,108839,48,73,893,49,1,0
945,59,Male,130816,44,2,7339,9,4,0
946,39,Male,47606,24,8,9535,41,5,1
947,38,Male,67832,61,11,9295,42,2,0
948,23,Male,48151,17,53,1081,13,5,0
949,18,Male,99303,71,100,632,15,4,0
950,22,Male,31308,50,10,3338,5,8,0
951,58,Male,129781,65,85,3885,29,1,0
952,29,Male,82522,99,84,4270,35,5,0
953,43,Female,143523,32,112,2768,27,1,0
954,63,Female,65671,36,8,1475,27,4,0
955,51,Female,110306,13,36,8105,8,8,0
956,66,Male,114108,70,93,7713,32,1,0
957,31,Male,126984,58,106,3335,20,2,0
958,43,Female,22204,14,76,3238,10,1,0
959,62,Female,112769,37,14,4634,13,7,0
960,44,Female,107265,79,112,7333,29,2,0
961,26,Male,51131,68,54,8853,35,1,0
962,43,Female,72428,40,114,2409,8,6,0
963,64,Female,53870,59,85,9819,29,6,0
964,39,Male,123547,80,86,2463,31,2,0
965,64,Female,124918,92,21,5653,41,1,1
966,47,Male,69067,16,108,1466,30,3,0
967,60,Male,78585,62,50,1389,22,5,1
968,65,Male,127011,4,94,3561,21,6,0
969,34,Female,132217,45,39,6961,12,3,1
970,43,Female,41607,90,20,6666,11,9,0
971,53,Male,44968,28,88,7467,2,5,0
972,18,Female,118934,96,87,8601,41,2,1
973,25,Female,31908,66,7,7879,2,6,0
974,66,Female,46423,31,9,7780,34,8,0
975,52,Female,129151,3,1,1567,3,6,0
976,69,Male,94707,8,26,4723,16,4,1
977,32,Female,98257,24,38,9518,4,6,0
978,64,Male,146282,15,38,5107,23,8,0
979,39,Male,81215,43,118,4485,20,8,0
980,31,Female,75835,31,61,3679,25,2,0
981,43,Male,69429,73,44,5038,30,8,0
982,45,Female,102152,45,86,2862,18,6,0
983,40,Female,128048,66,44,2724,42,2,1
984,31,Male,58458,8,74,6871,11,1,0
985,41,Male,66169,71,119,2226,29,6,0
986,19,Male,27659,57,62,6291,17,7,0
987,62,Male,80614,80,6,8573,26,5,0
988,43,Female,128905,99,17,8958,23,8,0
989,31,Female,97240,30,51,7513,48,9,0
990,68,Female,52793,74,114,1337,20,4,0
991,24,Male,133688,18,38,5084,45,7,0
992,20,Male,66473,69,24,1186,2,8,0
993,64,Male,116762,93,51,856,24,6,0
994,40,Female,109388,39,10,9563,31,2,0
995,63,Male,117618,60,72,5147,27,7,0
996,60,Female,108330,98,21,4918,2,9,0
997,64,Male,126956,43,70,7142,14,5,0
998,62,Female,138452,45,85,3891,4,2,1
999,35,Female,75751,23,57,4857,49,4,0
1000,55,Male,146311,69,39,5379,13,3,0
1001,52,Male,98915,94,88,5819,36,4,0
1002,68,Female,74254,6,33,3239,35,7,1
1003,32,Female,27006,56,59,5284,44,8,0
1004,42,Male,138171,4,18,1377,8,1,1
1005,54,Male,136682,93,56,3370,2,8,0
1006,45,Female,94218,23,92,792,6,5,1
1007,27,Male,85344,6,57,9228,31,7,0
1008,56,Female,53840,32,116,3186,10,1,0
1009,34,Female,52430,18,96,733,44,2,0
1010,56,Male,43091,15,76,2874,21,1,1
1011,39,Male,146053,40,48,2772,42,5,0
1012,43,Male,52983,96,42,1466,10,6,0
1013,61,Male,43989,73,27,1389,23,9,0
1014,42,Male,95451,74,74,4363,3,8,0
1015,34,Female,128088,84,110,6654,32,7,0
1016,30,Female,38990,6,52,3900,20,5,0
1017,37,Male,110270,63,42,8726,10,3,0
1018,42,Male,100360,67,32,5042,29,9,1
1019,21,Male,139469,11,106,4023,41,5,0
1020,27,Female,56081,43,26,2263,46,3,0
1021,20,Male,31033,17,25,3791,34,3,0
1022,58,Male,128272,96,75,2988,37,3,1
1023,62,Female,36241,4,23,2058,20,6,0
1024,35,Female,144932,63,98,5190,8,1,0
1025,64,Male,142451,68,57,6621,7,4,1
1026,53,Male,25939,81,52,2776,6,8,0
1027,64,Male,133000,41,104,4939,11,3,0
1028,39,Female,67562,83,87,1603,44,5,0
1029,51,Male,55063,5,93,8020,18,2,1
1030,64,Male,140373,32,31,5909,42,2,0
1031,25,Male,120000,86,64,8369,29,7,0
1032,57,Female,96721,70,71,3456,25,3,0
1033,66,Female,47045,35,104,8210,21,5,0
1034,61,Male,136634,22,33,6517,46,3,1
1035,36,Male,64769,65,85,3884,3,6,0
1036,59,Female,67118,84,2,528,18,3,0
1037,58,Female,104703,22,18,9397,24,8,1
1038,54,Female,121948,11,47,9712,47,2,0
1039,23,Female,41625,77,33,8256,38,3,0
1040,69,Female,124724,3,101,7448,10,8,1
1041,43,Female,148557,9,98,6255,27,8,0
1042,51,Female,47076,60,84,4102,12,1,0
1043,62,Female,142245,76,35,5562,7,8,0
1044,23,Female,84805,87,51,8571,17,2,0
1045,54,Male,64605,14,114,7744,1,7,1
1046,50,Male,104565,97,118,6872,26,6,0
1047,39,Male,108509,18,18,7605,15,2,0
1048,38,Female,59121,73,110,4081,33,5,0
1049,23,Male,85101,23,88,3262,37,7,0
1050,23,Female,51433,74,72,1072,47,8,1
1051,65,Female,63309,83,30,8205,31,3,0
1052,21,Male,87468,47,44,1114,35,1,1
1053,47,Female,64254,69,53,4550,1,7,0
1054,28,Male,87293,47,10,825,8,5,0
1055,47,Male,116258,87,87,4240,12,5,0
1056,48,Male,57853,30,52,858,19,7,1
1057,41,Female,58405,25,49,4277,25,1,0
1058,26,Male,86652,28,11,6406,32,8,0
1059,20,Female,63527,98,66,2221,12,5,0
1060,68,Male,97227,25,58,1849,13,8,0
1061,48,Male,20492,74,90,4196,28,5,0
1062,57,Male,113418,78,36,4396,1,7,1
1063,54,Female,28811,58,33,4760,6,3,0
1064,53,Female,113344,94,47,7441,8,2,0
1065,41,Female,44272,41,13,4308,4,6,0
1066,48,Male,113935,25,40,5746,5,5,0
1067,23,Male,92010,78,89,8884,25,9,0
1068,19,Female,112492,99,68,4345,22,4,0
1069,37,Female,67153,48,42,3077,28,3,0
1070,45,Female,128042,98,19,591,39,9,0
1071,28,Female,74110,10,82,4734,23,8,0
1072,21,Female,33979,99,101,9172,4,6,0
1073,32,Female,130059,75,94,7092,4,1,0
1074,23,Male,128101,11,19,8628,47,1,0
1075,66,Female,48328,85,58,1575,21,6,0
1076,47,Male,132911,21,23,3013,37,3,0
1077,55,Male,32867,86,54,8668,41,3,0
1078,68,Female,79234,45,80,7361,2,6,0
1079,19,Female,45851,7,65,9490,7,3,0
1080,32,Male,51279,81,12,1104,49,6,0
1081,28,Female,137431,64,24,3479,16,5,0
1082,25,Female,116063,64,34,7640,17,4,1
1083,43,Male,93402,2,53,7565,20,8,0
1084,68,Male,35449,76,8,5416,23,2,0
1085,62,Male,96221,42,18,7300,34,7,1
1086,61,Female,109080,82,57,1097,11,4,0
1087,22,Male,25451,54,112,7820,34,2,0
1088,23,Female,107178,75,5,9205,33,7,0
1089,43,Male,61316,16,26,6122,26,1,0
1090,21,Male,83064,18,30,2377,2,4,0
1091,36,Male,83761,99,54,2199,23,9,0
1092,37,Female,125490,59,13,9721,41,4,0
1093,50,Female,58870,90,83,6280,22,3,0
1094,37,Male,116566,16,29,1216,34,2,0
1095,66,Male,143749,6,3,4586,15,3,0
1096,29,Male,143765,57,90,1165,10,1,0
1097,64,Female,144881,47,104,8346,15,8,0
1098,18,Male,50873,48,58,7111,42,1,0
1099,43,Female,148389,42,76,1579,29,3,0
1100,31,Male,78627,76,2,8919,23,3,0
1101,55,Male,86155,60,75,8840,17,2,0
1102,54,Male,119186,77,108,1569,9,5,1
1103,28,Male,45372,4,28,5763,36,3,1
1104,53,Male,23642,2,82,8451,9,3,0
1105,30,Male,149148,90,77,1863,16,8,0
1106,60,Female,48001,59,101,5008,36,4,0
1107,20,Male,54064,27,86,2255,48,4,0
1108,50,Female,114826,27,76,1019,33,3,1
1109,23,Male,34122,79,2,5963,31,1,0
1110,67,Male,44820,72,101,7733,6,8,1
1111,27,Female,88431,7,7,1602,10,1,0
1112,22,Male,75745,63,26,1097,16,7,0
1113,40,Female,70081,46,90,3773,4,5,0
1114,27,Female,90902,63,88,6281,22,4,0
1115,61,Male,28711,12,76,6756,13,4,0
1116,19,Female,105132,13,16,7758,16,8,0
1117,30,Female,38793,43,23,9280,29,6,0
1118,57,Male,28199,17,40,7054,6,1,0
1119,19,Female,96253,63,60,8502,26,8,0
1120,37,Male,56191,81,73,5346,11,2,0
1121,18,Male,30211,36,32,9686,24,6,1
1122,54,Male,131086,85,15,5298,29,9,0
1123,26,Male,83069,8,101,7105,3,1,0
1124,34,Female,108896,69,13,3486,10,6,1
1125,26,Male,76746,90,5,900,1,8,0
1126,28,Male,41542,80,75,3355,43,2,0
1127,32,Female,51312,36,74,3912,26,5,1
1128,41,Male,65242,28,52,556,12,6,0
1129,55,Male,121971,93,77,8522,14,5,0
1130,52,Female,113783,47,41,2375,25,3,0
1131,47,Female,145681,76,53,5043,8,4,0
1132,48,Female,107893,30,110,4798,43,7,0
1133,66,Female,75388,23,50,4268,4,4,1
1134,22,Female,126581,16,15,6252,28,9,0
1135,61,Female,47691,14,106,5333,7,2,0
1136,67,Female,97960,74,7,1853,10,5,0
1137,31,Male,104388,71,40,5487,36,8,0
1138,28,Female,42601,52,28,7097,2,5,1
1139,26,Female,138307,37,32,4811,26,8,0
1140,51,Female,38020,29,99,3434,14,8,1
1141,29,Male,28155,67,15,522,16,9,0
1142,52,Male,89119,15,112,1709,43,6,0
1143,52,Female,101051,47,100,9440,42,4,1
1144,18,Female,56777,46,85,1304,17,3,1
1145,57,Female,39710,52,70,8825,46,5,1
1146,39,Male,128714,19,65,4916,22,6,0
1147,46,Male,44532,77,4,9125,4,3,0
1148,25,Female,148727,21,11,5641,19,2,0
1149,28,Male,38601,64,108,5468,2,7,1
1150,58,Female,83227,37,26,4171,39,5,0
1151,54,Male,24967,27,61,7792,9,9,0
1152,31,Male,104289,55,37,7501,19,3,0
1153,47,Female,40022,29,23,2598,16,8,0
1154,52,Female,63463,20,93,8944,25,6,1
1155,38,Female,94671,25,85,5561,48,4,0
1156,54,Female,25722,70,112,9821,18,9,0
1157,22,Male,47413,63,109,3764,23,5,0
1158,36,Male,112772,36,109,5935,21,6,0
1159,31,Male,101050,2,113,8993,11,9,0
1160,43,Female,129432,22,91,7191,39,7,0
1161,21,Male,122748,96,103,3263,41,5,0
1162,42,Female,125922,16,40,4505,4,2,0
1163,62,Male,105867,18,77,3741,25,4,0
1164,59,Female,103596,69,23,3557,32,2,0
1165,42,Female,86732,54,16,1050,30,3,0
1166,35,Male,32297,30,94,6074,45,3,0
1167,57,Female,88323,45,61,5911,26,4,0
1168,25,Female,43816,19,68,2087,36,6,0
1169,56,Male,144341,87,104,6420,34,3,1
1170,57,Female,60695,34,80,5760,9,1,0
1171,31,Female,39702,13,31,4909,12,1,0
1172,49,Female,45242,43,53,6283,2,9,1
1173,68,Male,75841,62,106,1212,38,9,0
1174,55,Male,148498,93,25,5906,5,5,1
1175,50,Female,87712,22,44,8490,5,9,0
1176,40,Male,105663,52,12,7920,22,7,1
1177,32,Female,127096,52,90,7343,5,9,1
1178,50,Female,112764,36,101,2933,4,7,0
1179,42,Female,73574,73,112,3801,9,9,0
1180,34,Female,105744,19,97,770,29,2,0
1181,50,Female,48482,38,92,1579,22,8,0
1182,64,Male,29171,70,9,5822,27,7,0
1183,19,Female,120755,79,12,9295,10,6,0
1184,31,Male,118932,57,69,5757,16,5,0
1185,57,Male,128125,20,54,8482,42,4,0
1186,57,Female,126082,9,116,6714,42,7,1
1187,68,Female,23696,32,54,5506,10,3,0
1188,56,Male,146310,4,28,4485,6,8,0
1189,68,Male,40058,50,56,9291,49,2,0
1190,23,Male,40313,82,99,9205,5,1,0
1191,23,Female,39149,5,69,6491,6,2,0
1192,20,Male,73521,20,98,6727,47,9,1
1193,24,Female,65740,87,110,9758,25,5,0
1194,68,Female,126611,75,98,8333,4,8,0
1195,25,Female,24956,37,77,3386,40,3,1
1196,59,Male,95731,22,103,3153,48,7,1
1197,69,Female,102612,58,106,9780,32,2,0
1198,32,Female,137850,68,109,5364,35,8,0
1199,64,Female,86641,93,112,3014,10,7,0
1200,46,Female,83811,44,58,4469,34,5,0
1201,50,Female,72160,34,78,3784,36,4,1
1202,69,Male,71313,77,75,8240,6,1,0
1203,47,Female,83232,42,42,5066,43,5,0
1204,56,Female,35417,9,38,2696,46,9,1
1205,44,Male,44729,95,68,1289,16,4,0
1206,53,Female,132492,7,53,3975,19,9,1
1207,46,Male,50099,68,33,1809,34,2,0
1208,55,Female,138387,19,71,1364,25,4,0
1209,50,Male,118134,94,56,5889,31,9,0
1210,54,Male,49961,31,105,3863,49,4,0
1211,44,Female,32602,35,72,8715,41,5,0
1212,50,Female,138474,57,101,3503,17,8,0
1213,21,Female,29256,85,51,9002,47,1,0
1214,39,Male,106120,61,74,1731,30,1,1
1215,19,Male,132516,31,43,8459,39,9,0
1216,27,Male,54681,83,15,3211,31,9,0
1217,22,Female,111328,95,38,7081,19,4,0
1218,27,Male,107440,53,15,8205,35,2,1
1219,50,Male,84789,32,5,921,29,9,0
1220,55,Female,63361,66,93,1446,1,4,0
1221,30,Male,84503,59,83,9878,4,6,0
1222,48,Male,54540,10,54,2334,28,1,0
1223,64,Female,46536,2,51,2064,18,9,0
1224,53,Male,104700,66,10,7832,26,5,0
1225,62,Female,83043,60,12,5444,40,3,0
1226,41,Female,98532,88,118,1808,19,4,1
1227,69,Female,76575,17,4,3486,6,1,1
1228,32,Female,147626,96,95,886,1,9,0
1229,46,Female,22871,16,18,6631,8,8,0
1230,25,Male,66002,16,80,9853,33,4,0
1231,22,Male,69812,46,104,3758,43,2,0
1232,46,Female,42626,39,36,6621,21,9,1
1233,64,Female,79979,31,25,5311,24,4,0
1234,21,Male,96057,88,87,7074,25,9,0
1235,29,Female,146834,1,76,7197,47,3,1
1236,62,Female,128946,11,98,4433,43,7,0
1237,19,Female,86668,85,36,1939,19,7,0
1238,44,Male,119003,4,101,6669,29,4,0
1239,48,Male,100070,71,67,4980,10,2,0
1240,68,Female,109390,26,9,555,12,9,0
1241,68,Female,62998,50,61,3824,33,4,0
1242,53,Male,83814,12,53,7277,7,8,0
1243,53,Male,124601,95,18,605,17,2,0
1244,43,Female,65607,81,43,3701,10,8,0
1245,60,Female,27812,97,35,1169,31,5,0
1246,44,Male,81844,75,63,9434,6,7,0
1247,22,Male,90093,92,119,1466,17,7,0
1248,37,Male,22179,96,98,807,37,9,0
1249,28,Female,63798,65,105,2638,18,3,0
1250,27,Male,94601,47,78,609,26,4,0
1251,57,Female,28275,92,4,4132,49,4,0
1252,55,Male,70574,53,93,7228,16,5,0
1253,23,Male,67857,71,41,6184,8,6,0
1254,25,Male,145555,2,45,6999,24,3,0
1255,40,Male,121484,24,50,2415,13,4,0
1256,64,Female,40700,4,79,1056,29,3,0
1257,43,Female,146855,19,28,8119,32,2,0
1258,63,Male,59464,26,42,604,24,9,1
1259,60,Female,62351,75,80,2547,16,1,0
1260,29,Male,113330,40,76,645,11,2,1
1261,43,Male,114319,50,116,1373,32,8,0
1262,30,Male,102534,43,69,798,6,7,0
1263,57,Male,33869,75,98,3738,35,1,0
1264,35,Female,80315,67,106,9337,33,5,0
1265,42,Male,130061,12,1,6882,18,6,0
1266,50,Male,113688,67,39,3011,37,5,0
1267,64,Female,40954,27,96,7096,13,4,1
1268,57,Male,51555,54,90,1283,10,1,1
1269,60,Male,83353,66,17,5492,37,7,0
1270,29,Male,102190,49,112,870,26,9,1
1271,61,Female,65026,16,91,986,46,6,1
1272,53,Male,120772,2,88,7878,17,3,1
1273,65,Female,66976,60,35,3696,1,4,0
1274,21,Male,100578,54,46,4787,25,5,0
1275,22,Male,111502,30,42,2761,34,1,0
1276,54,Female,133943,84,118,9648,39,5,0
1277,25,Male,129850,38,39,9072,10,1,1
1278,59,Male,65095,28,90,738,20,9,0
1279,66,Female,34270,25,49,7343,7,7,0
1280,45,Female,50908,96,62,1605,16,3,1
1281,48,Female,35523,10,38,1886,37,9,0
1282,26,Female,82433,60,23,2167,29,2,1
1283,68,Female,67068,42,22,3191,12,7,0
1284,46,Male,39991,40,4,8256,17,9,0
1285,31,Female,30775,97,49,2496,48,6,0
1286,57,Male,97801,77,59,1925,20,5,0
1287,58,Male,104995,42,73,8523,26,7,0
1288,39,Male,81250,47,68,7349,48,6,1
1289,28,Female,36673,37,71,3747,19,5,1
1290,40,Female,142808,80,87,3092,47,2,0
1291,18,Male,47056,22,2,1990,12,8,0
1292,63,Female,26614,57,49,1724,21,7,1
1293,54,Female,121556,84,88,3087,42,6,0
1294,38,Female,27415,27,104,8214,34,5,0
1295,43,Female,108691,41,119,3564,7,5,1
1296,63,Male,134966,80,95,8304,45,9,1
1297,53,Male,63884,34,111,1332,35,1,0
1298,40,Female,36964,32,31,2940,15,9,0
1299,18,Male,57726,90,111,5295,1,6,0
1300,68,Female,143133,89,40,2146,26,4,0
1301,57,Female,57044,66,48,940,35,7,1
1302,32,Male,77149,12,51,6456,25,9,1
1303,38,Male,57544,40,43,2867,42,5,0
1304,64,Male,69976,73,98,7196,15,5,0
1305,26,Female,52252,76,55,5690,22,8,1
1306,26,Male,23832,90,88,5163,6,7,0
1307,27,Female,110811,73,49,7562,15,8,0
1308,69,Male,100437,10,90,4831,24,2,1
1309,43,Male,123749,96,80,9996,21,9,0
1310,58,Female,54148,98,57,3534,7,3,0
1311,52,Female,81240,48,111,9877,29,6,0
1312,69,Female,128169,20,77,3762,32,6,0
1313,42,Female,145607,39,15,2607,32,2,0
1314,43,Female,108454,60,27,7536,5,7,0
1315,28,Female,132230,66,68,4820,4,9,1
1316,55,Female,148933,65,80,6438,22,1,0
1317,19,Female,105076,51,64,3247,18,8,0
1318,24,Male,97116,36,94,5177,35,2,0
1319,35,Female,73459,24,108,8472,17,1,0
1320,44,Female,58402,27,30,4764,24,8,0
1321,51,Male,77727,2,36,3633,2,2,0
1322,44,Female,58578,31,67,1965,13,6,0
1323,34,Male,110453,57,86,4609,15,6,0
1324,60,Male,42318,78,113,2711,5,5,1
1325,61,Female,95715,66,86,6039,3,8,0
1326,68,Male,97787,29,114,2189,37,3,0
1327,41,Female,131435,15,114,8227,37,4,0
1328,42,Male,105029,12,119,8264,37,7,0
1329,24,Male,40466,28,49,5041,3,7,0
1330,69,Male,115742,84,76,4041,35,8,0
1331,23,Female,65475,24,55,1318,23,2,0
1332,41,Female,80142,21,85,5021,28,2,1
1333,50,Male,105160,10,56,1624,30,4,0
1334,66,Male,46564,78,68,6160,18,9,0
1335,46,Female,42412,18,95,6141,36,9,0
1336,60,Female,113526,88,44,1629,33,4,0
1337,39,Male,71001,14,31,2202,26,9,1
1338,43,Male,77649,34,58,2501,48,3,0
1339,45,Female,80957,58,87,7412,40,5,0
1340,67,Female,55517,76,118,4378,17,9,0
1341,38,Female,33156,22,53,7732,40,6,0
1342,66,Female,43064,70,84,6831,7,3,0
1343,24,Female,45711,36,79,6535,8,9,1
1344,34,Male,50106,45,23,7023,31,6,0
1345,37,Female,85458,36,28,8611,12,4,0
1346,58,Male,36589,22,16,9236,48,4,0
1347,66,Female,109272,78,37,2901,31,8,0
1348,37,Male,106511,80,21,9981,44,7,1
1349,39,Female,121754,61,79,9474,19,1,0
1350,45,Female,27214,56,17,1039,10,6,0
1351,57,Male,116117,89,114,6115,39,8,0
1352,66,Male,105731,96,37,3456,12,3,0
1353,24,Female,130118,33,77,8577,20,9,0
1354,18,Female,146479,45,19,4222,37,2,0
1355,49,Female,47127,36,30,5587,48,6,0
1356,30,Female,25141,20,45,6960,41,1,1
1357,47,Female,48884,18,18,2670,7,2,0
1358,40,Male,110421,38,78,3891,14,5,1
1359,68,Male,22708,67,62,7442,11,1,0
1360,36,Female,38375,23,36,2116,7,8,0
1361,49,Male,35088,96,100,9608,29,1,0
1362,47,Male,77615,16,84,6958,10,9,1
1363,46,Male,130138,59,52,3256,29,3,0
1364,66,Female,65046,69,19,7353,9,2,0
1365,62,Male,30014,68,109,8209,36,1,0
1366,46,Female,84425,21,44,2436,48,9,1
1367,47,Male,23273,78,7,3591,10,4,1
1368,33,Female,67135,95,44,1468,19,1,0
1369,57,Male,122842,78,117,7797,31,1,1
1370,36,Female,50881,70,68,3703,17,7,0
1371,35,Female,117022,12,34,6999,9,2,1
1372,18,Male,98077,16,66,5673,45,7,0
1373,31,Female,28712,81,69,1389,33,7,0
1374,68,Female,94704,87,55,9484,34,9,0
1375,64,Female,72874,14,10,9673,45,7,0
1376,67,Female,89087,61,96,7882,24,1,0
1377,19,Female,32297,71,42,4031,9,8,0
1378,45,Female,129269,46,41,1301,7,8,0
1379,66,Female,47128,32,77,8734,16,4,0
1380,67,Female,88368,15,103,3849,19,8,0
1381,47,Male,114019,44,69,8505,39,4,1
1382,55,Male,107599,17,10,3701,6,8,1
1383,68,Female,108499,41,10,849,11,5,1
1384,21,Female,98958,54,102,9821,12,4,0
1385,18,Male,52920,44,91,1083,42,6,0
1386,25,Male,140442,98,60,3877,13,2,1
1387,46,Male,31156,5,51,6528,12,2,1
1388,56,Female,31108,27,21,8194,21,2,0
1389,20,Male,51845,87,8,6696,10,9,0
1390,49,Female,22800,78,65,7583,20,3,0
1391,27,Female,148832,79,92,3901,36,4,0
1392,27,Male,123614,43,113,3685,28,8,0
1393,36,Female,62712,97,103,5785,24,4,0
1394,63,Female,22610,31,78,9854,5,7,1
1395,51,Female,97603,99,85,7272,37,5,0
1396,50,Female,53872,17,30,8990,12,9,0
1397,40,Male,30728,92,85,3847,35,4,0
1398,45,Male,115102,83,49,1288,40,3,1
1399,49,Female,115319,54,9,5445,2,2,0
1400,67,Female,142049,62,17,3389,41,1,0
1401,24,Male,40583,87,69,5773,45,6,0
1402,46,Female,105774,32,58,3772,39,2,0
1403,25,Male,27263,40,57,9569,42,8,0
1404,18,Female,146374,13,62,5734,9,6,0
1405,20,Female,87450,84,95,7402,22,5,0
1406,41,Male,109285,35,52,8112,47,2,0
1407,40,Male,39456,5,61,2992,5,7,0
1408,25,Male,111118,73,40,7245,12,2,0
1409,64,Male,85942,29,38,4740,1,5,0
1410,54,Female,33689,70,43,2822,44,2,1
1411,20,Male,52934,25,63,5798,22,2,0
1412,68,Female,53276,95,19,2361,38,7,0
1413,50,Male,136349,22,100,7120,19,9,0
1414,45,Male,149336,66,50,4547,16,5,0
1415,64,Female,121968,45,33,8081,31,7,0
1416,25,Male,39873,69,13,7820,3,4,0
1417,51,Male,33050,91,78,1598,23,2,0
1418,52,Male,86216,89,97,5747,42,3,1
1419,49,Male,104444,72,62,2234,18,2,1
1420,41,Female,104040,1,93,5163,26,5,1
1421,31,Female,41644,84,43,6409,13,6,0
1422,49,Male,82021,44,49,3916,18,7,0
1423,63,Male,57125,87,36,6802,3,3,0
1424,60,Male,86899,96,108,8093,23,4,0
1425,33,Female,62291,75,10,1180,3,8,0
1426,21,Female,55060,39,95,8663,25,4,0
1427,69,Female,21538,54,6,2570,27,7,0
1428,54,Female,56176,88,57,7168,44,6,0
1429,38,Male,142430,75,1,8501,27,7,0
1430,31,Male,61520,29,71,2691,39,1,0
1431,48,Male,45675,54,58,9359,25,3,0
1432,65,Female,38287,90,91,8086,24,6,1
1433,35,Male,20174,16,21,9372,8,3,0
1434,24,Female,112268,99,92,9664,9,7,0
1435,27,Female,54998,20,80,3346,46,9,0
1436,24,Male,122591,46,56,2963,37,3,0
1437,50,Male,73312,67,110,7337,30,1,0
1438,40,Male,32112,65,87,5422,19,6,1
1439,38,Female,125410,58,116,4892,16,1,1
1440,36,Female,95225,53,20,3683,24,1,0
1441,65,Male,64814,1,102,3667,44,8,0
1442,36,Male,105091,81,54,3497,21,9,0
1443,53,Female,70719,66,25,7021,36,2,0
1444,46,Male,149887,29,28,3727,40,9,1
1445,35,Female,53919,84,5,7064,39,5,0
1446,19,Female,93155,70,21,2524,47,8,1
1447,18,Male,91569,8,18,829,6,7,0
1448,64,Male,61328,29,47,2986,5,7,0
1449,22,Male,90482,51,70,1655,14,4,0
1450,37,Male,44618,33,57,4977,45,2,0
1451,28,Female,54675,3,93,2685,42,5,0
1452,59,Female,121794,60,19,7586,4,3,0
1453,19,Female,38919,35,97,2817,8,9,0
1454,20,Male,24173,69,65,4121,24,6,0
1455,40,Female,129369,91,109,4991,11,1,0
1456,29,Male,46400,76,3,3011,17,3,0
1457,37,Male,70445,84,42,8342,21,4,0
1458,22,Male,90305,20,21,9141,26,9,0
1459,54,Male,57564,73,99,8348,43,6,0
1460,55,Male,65814,39,105,5904,48,4,0
1461,47,Male,99747,4,40,5893,44,1,1
1462,26,Female,108791,19,67,1793,45,8,0
1463,51,Male,47962,91,25,2965,27,2,0
1464,61,Female,104892,45,109,3675,16,8,0
1465,52,Female,105842,43,102,8349,26,6,1
1466,69,Male,90533,13,109,9925,33,8,0
1467,39,Male,76184,13,55,8944,31,6,0
1468,61,Male,102912,60,84,8710,48,5,0
1469,41,Female,126416,57,52,3259,47,5,0
1470,34,Male,123591,86,44,5755,6,8,0
1471,27,Female,30578,92,109,8914,44,7,0
1472,47,Male,38624,52,98,502,8,8,1
1473,63,Male,136164,53,85,8630,7,8,1
1474,40,Female,59194,86,56,1759,34,7,0
1475,49,Female,129903,43,55,8690,44,2,0
1476,34,Male,20389,83,112,4823,14,9,0
1477,67,Female,119303,72,87,6273,16,7,0
1478,68,Female,131116,72,70,3068,43,6,0
1479,34,Female,133903,42,115,2385,9,9,0
1480,31,Female,87391,90,117,7560,10,1,0
1481,26,Female,126429,26,77,8344,17,2,0
1482,57,Male,33794,23,113,6611,12,1,0
1483,19,Male,78002,43,87,9991,6,3,0
1484,62,Female,55531,77,73,2838,19,5,0
1485,42,Male,72815,28,81,9768,43,1,0
1486,56,Male,24986,9,66,4258,41,4,0
1487,26,Female,52298,20,19,5310,29,8,1
1488,39,Male,21481,56,83,9639,6,6,1
1489,60,Female,76408,83,7,7291,25,1,0
1490,63,Female,89267,39,118,7671,24,1,0
1491,21,Male,141950,51,63,3231,25,3,0
1492,43,Female,36835,12,42,1369,16,8,0
1493,46,Female,145355,79,42,5666,16,8,0
1494,62,Female,47798,95,59,593,6,3,0
1495,51,Female,111649,55,20,3487,37,7,0
1496,40,Female,84887,78,73,9127,21,3,0
1497,54,Male,39477,11,17,5447,4,4,1
1498,28,Male,37266,26,27,7151,34,9,0
1499,23,Female,106328,42,47,7479,28,4,0
1500,35,Female,105988,27,2,7294,38,3,0
1501,38,Male,147815,11,63,7024,41,5,0
1502,59,Female,63526,38,62,3644,28,7,0
1503,53,Male,137965,98,100,4087,17,5,0
1504,58,Female,134615,43,19,576,14,4,0
1505,55,Female,126870,19,17,9507,7,8,1
1506,51,Female,147426,64,69,9459,22,4,0
1507,34,Female,31889,6,39,7053,1,2,1
1508,54,Female,44335,46,82,8797,29,6,0
1509,42,Female,31254,42,117,7194,31,2,0
1510,55,Female,106610,92,118,3373,30,3,0
1511,29,Male,31442,65,71,3846,15,1,0
1512,40,Male,66289,99,81,7524,18,5,1
1513,59,Male,73747,72,39,3648,35,9,0
1514,39,Female,57327,59,36,744,30,2,0
1515,38,Female,36199,52,40,3125,34,7,0
1516,44,Female,92827,47,45,4349,42,5,0
1517,48,Female,126464,7,4,9673,11,2,0
1518,23,Female,20112,11,102,8237,27,8,0
1519,44,Female,107051,61,25,8833,24,6,1
1520,57,Female,39581,68,69,1392,35,4,0
1521,51,Male,134228,25,30,5987,39,4,0
1522,29,Female,79722,12,76,7751,8,2,0
1523,62,Male,112036,26,68,7810,18,3,0
1524,24,Male,117562,12,88,2899,13,7,0
1525,27,Female,36523,43,29,5140,45,3,1
1526,62,Female,86960,51,73,3460,24,5,0
1527,34,Male,137637,37,68,7825,23,6,0
1528,43,Male,39552,46,51,1969,12,6,0
1529,38,Female,143396,53,24,3874,49,4,1
1530,45,Female,30808,88,14,9347,30,6,1
1531,63,Male,124347,80,69,8734,31,3,0
1532,19,Female,92525,13,18,8423,28,7,0
1533,60,Female,43620,89,42,5622,22,7,0
1534,18,Female,124565,54,57,5887,44,4,1
1535,68,Male,20887,57,83,8131,28,2,0
1536,53,Male,51802,4,12,7726,13,7,0
1537,68,Male,105024,75,82,5608,25,3,0
1538,43,Female,115549,96,17,2724,44,1,0
1539,46,Female,134737,49,30,2610,46,2,0
1540,38,Male,138639,7,88,1457,7,9,1
1541,28,Male,138248,11,75,7646,45,8,0
1542,57,Male,101938,92,99,1060,6,6,0
1543,28,Female,106741,54,23,7913,24,6,0
1544,53,Male,141028,87,81,1812,19,1,1
1545,66,Male,142746,45,1,2321,19,2,1
1546,56,Female,46049,23,79,6146,36,4,0
1547,57,Female,97789,28,32,5445,9,3,1
1548,52,Female,104526,57,9,5874,48,1,0
1549,51,Male,27846,26,15,3151,36,8,0
1550,64,Female,110563,25,28,5201,38,7,0
1551,41,Female,124736,54,24,3377,40,4,1
1552,39,Male,66220,29,60,6082,29,9,1
1553,22,Female,66163,83,35,5890,24,4,0
1554,50,Male,23765,97,86,4583,48,1,0
1555,53,Male,137126,36,27,1245,5,1,0
1556,64,Female,101486,14,83,9249,42,1,1
1557,37,Female,65270,78,109,1441,45,1,0
1558,36,Female,95277,35,76,4523,26,4,0
1559,52,Female,108278,30,20,2796,14,1,0
1560,69,Female,146354,92,65,1439,39,2,0
1561,60,Female,110239,17,85,2110,29,4,0
1562,34,Male,124245,67,49,6800,6,7,0
1563,62,Male,142332,80,109,2225,7,2,0
1564,60,Female,123159,30,1,9676,37,8,1
1565,51,Male,42931,93,10,9353,18,7,0
1566,26,Female,109116,45,47,7687,23,9,1
1567,43,Male,140599,79,59,532,44,6,0
1568,19,Male,75633,89,96,6485,38,4,0
1569,26,Male,100702,51,62,3914,1,6,0
1570,26,Female,71913,47,103,1656,4,4,0
1571,57,Male,139144,53,86,3626,44,7,0
1572,34,Female,114776,64,18,8752,47,9,0
1573,18,Male,45991,38,112,2043,35,3,0
1574,42,Male,141049,64,46,771,23,3,0
1575,60,Male,74845,87,32,5795,27,2,0
1576,57,Male,124092,89,27,4576,26,1,0
1577,59,Male,118505,7,92,6402,8,1,0
1578,42,Female,75312,22,18,3209,43,3,0
1579,56,Female,30561,81,39,9846,16,7,0
1580,52,Male,36901,82,49,5721,41,9,1
1581,20,Male,126041,41,93,9029,3,2,0
1582,67,Male,115556,74,82,7222,32,7,0
1583,54,Male,82875,10,44,8701,5,1,0
1584,61,Female,45917,57,72,4644,20,2,0
1585,61,Male,82120,7,54,6106,14,6,0
1586,68,Female,21988,50,95,7266,32,5,1
1587,47,Male,133745,91,34,1230,26,8,0
1588,55,Female,130041,52,71,5390,47,2,0
1589,51,Male,148467,33,36,2148,6,1,0
1590,29,Male,147400,1,18,4728,36,7,0
1591,36,Female,34256,53,38,2630,40,6,0
1592,54,Male,138490,60,59,4866,5,8,0
1593,61,Male,107728,34,9,2006,13,8,0
1594,66,Male,146155,4,73,2658,32,2,0
1595,34,Female,48230,17,110,3416,16,8,0
1596,27,Male,125466,4,72,3729,1,6,0
1597,66,Male,79778,43,51,6765,13,9,0
1598,64,Female,65833,90,35,4636,11,7,0
1599,29,Female,42625,4,82,3189,8,2,0
1600,33,Female,52088,1,5,7690,25,8,0
1601,41,Male,99650,71,14,3310,40,9,0
1602,36,Male,61167,94,92,6652,32,7,0
1603,25,Male,123937,50,30,512,24,4,1
1604,48,Female,91291,73,4,6438,28,9,0
1605,38,Male,85303,61,39,8499,14,4,0
1606,34,Male,96361,35,84,7719,45,4,0
1607,40,Female,108229,8,64,5828,3,9,0
1608,54,Female,24117,24,25,4121,36,8,1
1609,33,Female,110265,83,28,4183,27,4,0
1610,23,Female,148938,36,76,8372,20,8,0
1611,25,Female,117718,50,66,5810,47,8,0
1612,42,Male,80710,43,107,1152,15,7,0
1613,35,Female,114426,27,78,6299,27,6,0
1614,42,Male,114876,32,22,9312,45,8,0
1615,29,Male,87054,78,31,4290,41,7,0
1616,32,Female,50949,18,23,2145,28,5,0
1617,43,Female,42547,28,48,5012,25,4,0
1618,58,Female,101882,29,20,5259,42,2,1
1619,62,Male,88136,16,38,6374,44,8,0
1620,43,Female,131541,99,55,4188,46,9,0
1621,64,Female,136883,47,68,8189,33,4,0
1622,49,Female,84619,59,79,1879,46,4,0
1623,27,Female,81842,31,88,4743,14,5,0
1624,33,Female,114803,4,89,7007,8,2,0
1625,24,Male,121858,37,1,8319,48,7,0
1626,34,Male,46990,17,7,9093,14,5,0
1627,40,Male,36193,39,57,3153,1,6,0
1628,43,Female,50109,48,95,6111,16,4,1
1629,38,Female,39233,46,12,6627,18,8,0
1630,39,Female,133557,90,106,4423,7,8,0
1631,24,Male,101730,48,5,8959,15,5,1
1632,31,Female,148133,39,108,6412,24,6,0
1633,32,Female,54510,4,50,5630,49,3,0
1634,24,Female,21306,30,42,5939,13,1,0
1635,26,Male,23849,30,102,8380,9,9,0
1636,68,Female,32360,22,12,6949,15,9,0
1637,65,Male,131072,75,103,2225,35,3,0
1638,25,Female,142207,66,18,9804,24,4,0
1639,67,Male,114767,12,66,8022,33,7,0
1640,40,Male,65800,94,74,5284,16,2,1
1641,46,Male,148442,36,79,9972,8,3,0
1642,35,Female,56963,18,94,1732,29,6,1
1643,48,Female,74330,90,108,9308,23,8,1
1644,47,Male,71707,53,17,8838,45,1,0
1645,69,Male,38689,71,68,7946,31,4,1
1646,56,Female,49084,1,71,5116,40,1,0
1647,52,Female,60387,58,62,5225,49,2,1
1648,35,Male,94816,90,41,4177,14,8,0
1649,59,Female,22642,87,95,6787,30,6,0
1650,56,Female,62137,90,115,8980,39,9,0
1651,34,Female,99832,6,119,1909,27,2,0
1652,31,Female,75561,70,103,8705,47,3,1
1653,48,Male,82260,44,119,756,16,9,1
1654,41,Female,35438,72,34,2221,6,9,0
1655,52,Female,68442,24,70,1923,33,6,1
1656,61,Male,123061,86,114,5453,44,3,0
1657,62,Male,22994,19,102,3490,18,5,0
1658,51,Female,143439,18,45,1695,16,2,0
1659,20,Female,145844,95,58,5059,12,7,0
1660,54,Female,133530,30,51,4865,20,8,0
1661,60,Female,119575,42,34,1744,45,6,0
1662,57,Male,21813,33,44,7266,40,8,0
1663,43,Male,113027,74,15,5802,29,2,0
1664,40,Male,143489,12,78,1806,30,3,0
1665,61,Female,104381,94,70,2902,26,7,0
1666,56,Female,138808,27,50,996,22,1,0
1667,32,Female,75276,39,101,3899,33,7,1
1668,66,Female,61243,9,114,1409,39,6,1
1669,21,Male,82912,21,32,872,47,8,0
1670,46,Male,80272,76,67,6736,29,7,0
1671,39,Female,122700,29,3,1844,22,4,1
1672,42,Male,62051,33,86,9015,45,3,0
1673,30,Female,98854,62,86,2931,13,3,0
1674,35,Female,102736,15,74,5170,9,4,0
1675,50,Male,141992,2,51,3284,24,9,0
1676,33,Female,142019,52,67,9907,15,9,0
1677,62,Female,85618,44,76,2195,36,2,0
1678,59,Male,21920,54,93,2407,13,5,0
1679,61,Female,126121,18,48,5314,27,1,0
1680,19,Female,97219,3,17,1280,44,4,1
1681,52,Male,96872,7,7,1519,37,2,0
1682,59,Female,101132,43,13,1903,7,8,0
1683,51,Male,22093,82,66,1926,8,4,0
1684,47,Female,32905,38,4,9355,37,5,0
1685,30,Male,141759,37,10,6368,41,4,1
1686,30,Male,44351,58,103,510,14,5,0
1687,35,Male,50981,33,88,6830,12,5,1
1688,49,Female,93903,59,17,9730,36,5,0
1689,49,Male,90821,95,52,3325,40,3,0
1690,52,Male,129200,11,6,7964,17,7,0
1691,56,Male,123241,68,83,3503,40,3,0
1692,63,Male,102289,82,69,9767,29,2,1
1693,69,Male,136506,68,96,7695,27,3,0
1694,46,Female,104021,98,74,7220,1,3,0
1695,66,Female,98513,93,9,3588,34,8,1
1696,46,Female,39874,88,91,2289,4,4,0
1697,61,Female,70931,22,77,3536,24,3,1
1698,33,Female,27674,66,83,7877,21,5,0
1699,61,Female,70516,44,21,8098,33,4,0
1700,64,Female,141982,6,24,5338,7,9,0
1701,27,Male,148408,42,102,6372,1,8,0
1702,47,Female,114574,25,4,4153,41,7,0
1703,42,Male,80686,57,24,4799,3,8,0
1704,56,Male,114851,85,59,9768,44,5,0
1705,37,Female,89212,55,99,1473,15,4,0
1706,22,Male,22426,16,3,7583,31,7,0
1707,18,Male,142952,95,68,5994,16,1,1
1708,47,Male,110009,14,101,9991,10,6,0
1709,66,Male,88498,39,40,3906,29,8,0
1710,20,Female,49943,28,48,5650,6,7,0
1711,62,Female,86395,96,54,9850,29,2,0
1712,31,Female,64816,92,35,3629,17,7,1
1713,47,Female,24138,51,95,604,22,6,0
1714,67,Female,120728,49,56,7933,24,5,1
1715,21,Female,111176,9,108,8189,17,4,0
1716,35,Female,95945,58,89,4067,21,1,0
1717,54,Female,24017,45,40,4848,11,2,0
1718,42,Female,30451,22,77,4890,7,7,1
1719,65,Female,82956,32,68,7311,42,3,1
1720,18,Male,113863,69,46,1681,39,5,0
1721,63,Female,30278,87,78,5144,5,8,1
1722,32,Male,110480,69,13,6373,44,8,0
1723,26,Male,63764,42,27,4894,48,6,1
1724,32,Male,143030,53,6,4034,21,5,0
1725,66,Male,21134,96,17,6344,18,2,0
1726,41,Female,82943,59,36,6439,35,9,0
1727,21,Male,115667,74,104,6975,20,1,1
1728,29,Female,74318,39,113,2274,15,2,1
1729,54,Female,123423,15,99,8783,5,1,1
1730,54,Male,123998,71,81,946,13,4,1
1731,60,Female,80128,29,105,608,12,4,0
1732,23,Male,108056,3,2,3739,21,5,1
1733,56,Male,41869,83,77,6431,37,5,1
1734,63,Female,122468,10,52,4553,6,8,0
1735,41,Female,137034,92,66,5037,7,3,0
1736,28,Male,25039,29,52,6861,26,6,0
1737,30,Female,41281,79,92,1745,42,3,1
1738,51,Female,132935,35,43,3220,48,2,1
1739,42,Female,30442,6,90,8969,8,8,1
1740,24,Male,93788,12,22,8241,9,1,1
1741,69,Male,139729,38,111,5605,27,9,1
1742,21,Female,47586,77,107,3422,4,7,0
1743,25,Female,73053,93,55,3013,21,4,0
1744,37,Female,70489,19,67,9530,31,3,0
1745,46,Female,103104,67,99,3301,21,6,0
1746,68,Female,106346,8,60,7481,40,9,0
1747,62,Male,87087,8,58,8721,25,9,1
1748,63,Female,32625,84,12,7002,39,4,0
1749,27,Male,54397,47,88,6538,15,5,0
1750,60,Female,78671,4,69,6729,35,9,0
1751,51,Male,136214,51,84,9949,49,2,0
1752,43,Female,111785,85,103,864,43,2,0
1753,58,Male,86897,67,39,2300,41,5,0
1754,66,Female,46149,45,13,6458,37,1,0
1755,20,Male,80030,8,41,9596,42,8,0
1756,23,Male,89906,87,57,7936,47,5,0
1757,22,Male,25283,16,53,5293,28,2,0
1758,22,Male,27610,77,109,8660,14,9,0
1759,64,Male,63326,67,12,679,4,2,0
1760,40,Male,34924,9,13,4373,20,7,0
1761,66,Female,133143,60,74,4460,34,8,0
1762,26,Male,130253,78,97,1686,12,6,1
1763,52,Female,96162,77,57,1273,33,7,0
1764,37,Female,120297,71,40,4960,24,1,0
1765,66,Female,20869,15,118,852,20,4,0
1766,59,Female,117088,71,80,7443,5,7,0
1767,52,Female,21014,98,45,5702,38,1,0
1768,67,Male,30103,41,35,5844,30,1,0
1769,35,Male,102522,22,3,5007,24,6,0
1770,34,Male,130317,24,5,5330,43,4,0
1771,41,Female,116007,44,90,617,40,3,0
1772,20,Male,53458,1,11,981,7,5,0
1773,49,Male,110605,10,71,4787,36,9,0
1774,52,Male,102409,80,117,7302,38,3,1
1775,55,Male,43248,72,56,8798,16,5,0
1776,30,Male,109160,56,10,4977,15,5,0
1777,64,Female,63516,89,106,7033,46,9,0
1778,42,Male,49061,50,116,743,23,4,1
1779,26,Female,44170,12,34,7512,12,1,0
1780,21,Female,28024,89,67,1365,29,5,0
1781,31,Female,102214,81,72,5829,44,1,0
1782,54,Female,123792,60,31,1103,48,6,0
1783,51,Female,105947,26,75,6256,15,7,0
1784,28,Male,63803,78,109,4518,29,1,0
1785,58,Male,39296,41,71,5692,45,4,0
1786,20,Male,111829,36,109,2515,43,9,0
1787,45,Female,112708,23,66,3880,49,1,0
1788,46,Male,106664,43,70,4270,21,9,0
1789,26,Male,38257,6,41,6329,15,8,0
1790,20,Female,32855,69,63,2113,14,5,0
1791,42,Female,105178,43,32,2379,42,6,1
1792,51,Female,149876,25,20,5872,44,7,0
1793,29,Female,121121,18,57,4608,16,4,1
1794,59,Male,143324,62,98,9791,15,6,0
1795,26,Female,40025,13,50,9766,42,7,0
1796,32,Female,24458,43,80,9478,4,6,0
1797,57,Male,83610,78,25,648,27,6,0
1798,42,Male,90843,28,12,2254,23,2,0
1799,22,Female,127237,18,71,7878,29,5,0
1800,28,Male,103961,59,39,7181,41,3,0
1801,51,Female,69831,60,17,4256,9,7,0
1802,41,Female,63427,63,45,9871,43,4,0
1803,32,Male,113809,57,11,9616,43,1,0
1804,55,Male,58506,92,70,5892,7,6,0
1805,25,Female,25668,51,23,3552,42,6,1
1806,22,Female,111470,56,91,6192,4,7,1
1807,65,Female,67195,27,110,4718,5,8,0
1808,43,Male,93233,32,70,5303,5,3,0
1809,35,Female,44417,9,38,2877,11,6,1
1810,23,Female,101982,96,2,5586,41,2,1
1811,54,Female,126133,84,86,3682,28,9,0
1812,65,Female,30751,92,84,3660,16,2,1
1813,30,Female,66218,97,89,7076,41,3,0
1814,45,Male,146649,68,79,9403,30,2,0
1815,22,Female,27352,46,113,3086,4,9,0
1816,30,Female,99052,98,93,3148,2,1,0
1817,34,Female,108835,67,72,7813,46,5,1
1818,67,Female,117493,26,37,2217,3,1,0
1819,57,Male,48927,8,49,5808,21,5,0
1820,62,Male,61094,6,52,7907,6,8,0
1821,49,Male,121948,80,33,1370,43,8,0
1822,46,Female,74122,24,22,4074,18,8,0
1823,68,Female,49493,48,114,6327,44,2,1
1824,20,Male,112247,94,111,8486,5,8,0
1825,57,Male,93539,45,5,8962,9,5,0
1826,51,Male,51707,13,103,9241,20,1,1
1827,57,Female,88814,69,18,6269,28,7,0
1828,44,Female,27296,25,38,6233,26,6,1
1829,30,Male,45398,20,118,3740,18,5,0
1830,62,Male,55842,82,117,5393,19,1,0
1831,50,Male,33261,82,37,9976,3,1,0
1832,23,Female,96709,66,94,1386,9,6,1
1833,41,Female,115985,74,115,6354,36,7,0
1834,36,Female,126616,45,95,5818,31,1,0
1835,33,Male,76704,47,64,2758,49,9,0
1836,57,Male,87173,63,10,4882,17,4,0
1837,45,Female,51781,76,79,2285,23,5,0
1838,50,Male,33652,77,42,8227,34,2,1
1839,65,Female,25103,55,48,795,41,8,1
1840,58,Male,45500,75,44,3097,41,2,0
1841,30,Male,135332,19,82,1180,5,3,0
1842,60,Male,120336,35,87,5390,15,9,0
1843,62,Male,55529,53,97,4798,47,2,0
1844,42,Female,133499,26,16,824,3,6,1
1845,59,Male,38452,14,54,8452,19,4,1
1846,53,Female,69393,45,102,1486,28,7,1
1847,44,Female,51174,44,35,3618,3,6,0
1848,55,Female,84450,88,98,1260,38,9,0
1849,24,Male,55436,65,28,8258,4,9,0
1850,22,Female,67406,51,2,9728,24,4,0
1851,60,Female,83059,43,94,1406,31,1,0
1852,62,Female,35954,86,13,5999,45,2,1
1853,68,Male,102722,23,41,864,45,8,1
1854,48,Male,139747,56,80,8269,11,8,1
1855,40,Female,32356,19,59,3913,37,2,1
1856,59,Male,148128,82,69,8527,1,4,0
1857,27,Female,118499,76,119,8439,9,1,0
1858,49,Female,22187,55,92,9761,17,7,0
1859,60,Male,97243,92,53,3581,1,4,0
1860,47,Female,55098,92,103,5948,3,8,0
1861,56,Male,112471,60,45,3758,47,9,0
1862,48,Male,41225,59,20,2607,26,9,0
1863,35,Female,23606,33,24,8428,31,3,0
1864,53,Male,148664,19,61,3433,26,5,0
1865,19,Male,77620,28,91,3329,23,6,0
1866,31,Female,52828,52,94,9133,30,6,0
1867,30,Female,146270,49,58,5506,10,8,0
1868,46,Male,46489,37,109,2059,8,6,0
1869,29,Male,34387,26,27,2241,44,6,1
1870,56,Female,89463,99,26,6330,25,4,0
1871,19,Male,91832,98,7,8023,22,7,0
1872,49,Male,115980,99,42,1125,15,8,0
1873,30,Male,131926,40,47,2190,41,3,1
1874,63,Male,132429,80,53,8782,10,7,0
1875,44,Male,22591,38,59,6810,20,3,1
1876,66,Male,143446,77,38,3506,41,8,1
1877,58,Male,130431,87,69,4802,47,1,1
1878,34,Female,68516,54,87,1588,23,1,0
1879,57,Female,111683,22,92,6507,1,6,0
1880,48,Female,82061,16,98,5111,2,9,0
1881,51,Female,124425,28,53,9872,19,4,0
1882,41,Female,86736,35,15,8428,14,6,0
1883,62,Male,101257,60,96,4990,8,5,1
1884,52,Male,81753,45,26,8878,38,1,1
1885,65,Male,104774,46,48,2097,12,6,0
1886,23,Male,31087,72,95,4247,26,9,0
1887,36,Female,50816,55,19,3170,27,3,1
1888,47,Male,43408,86,9,8931,29,3,0
1889,24,Male,144116,85,64,3080,15,2,0
1890,27,Female,125276,26,93,7932,46,4,0
1891,58,Male,20136,85,54,8830,1,3,0
1892,49,Male,37413,25,51,3006,43,2,0
1893,51,Female,133650,65,39,5225,28,1,0
1894,45,Male,79500,6,4,4800,3,3,0
1895,32,Male,104514,23,3,9259,18,6,0
1896,47,Male,76358,64,64,7502,34,9,0
1897,54,Male,86197,87,29,9573,32,5,0
1898,46,Male,120776,43,116,6631,29,3,0
1899,39,Female,112789,23,11,9331,25,5,0
1900,21,Female,112420,96,97,5037,26,5,1
1901,37,Female,52854,30,102,2835,39,5,0
1902,49,Female,96240,77,58,4821,8,7,0
1903,53,Female,124523,18,75,3485,19,5,1
1904,67,Female,149494,87,27,1059,47,7,1
1905,21,Male,110063,79,97,1213,42,9,1
1906,44,Female,36322,97,21,5093,22,5,0
1907,34,Female,133053,21,39,4488,29,2,0
1908,29,Male,26968,57,95,6703,33,5,1
1909,39,Male,47518,23,102,756,38,8,1
1910,34,Female,71925,91,46,9268,45,4,1
1911,27,Male,79848,45,66,537,46,2,0
1912,18,Female,131900,44,91,9152,35,3,0
1913,39,Male,113422,82,36,2332,43,9,0
1914,43,Female,21700,88,75,8100,3,9,0
1915,35,Male,113782,47,111,5667,19,8,0
1916,67,Male,121004,40,82,932,10,8,0
1917,31,Female,43199,51,65,4651,27,8,0
1918,64,Female,64589,42,63,6911,15,8,0
1919,46,Female,52115,7,99,2251,11,8,0
1920,29,Female,81934,50,35,5497,47,1,1
1921,53,Female,136335,48,31,6220,26,6,1
1922,52,Male,140726,84,28,8116,24,9,0
1923,69,Female,74316,91,103,756,13,8,0
1924,29,Female,25520,6,1,1171,32,3,1
1925,24,Male,129814,91,25,989,37,1,0
1926,46,Male,56455,9,43,7389,4,2,0
1927,28,Female,135284,57,102,2596,13,2,0
1928,50,Male,106465,31,84,2182,9,7,0
1929,23,Male,143364,21,67,2960,49,6,0
1930,64,Female,61605,90,63,5029,34,2,0
1931,32,Male,34955,40,51,5621,37,8,0
1932,49,Male,64049,45,2,2475,48,9,0
1933,68,Female,33917,77,82,3716,7,7,0
1934,28,Female,90293,49,108,5015,1,4,0
1935,40,Male,98581,87,64,6192,12,1,0
1936,43,Male,139072,20,74,5439,21,4,0
1937,51,Female,84925,92,69,6063,11,4,0
1938,63,Male,127216,17,9,3463,44,8,0
1939,51,Male,90269,28,2,5029,44,4,0
1940,46,Male,50954,41,34,7286,44,4,0
1941,21,Female,116671,66,60,6700,14,2,0
1942,34,Male,92617,25,102,1476,34,7,0
1943,52,Male,61458,58,61,7845,34,4,0
1944,30,Female,109037,41,31,545,25,6,0
1945,58,Male,41113,6,10,1693,4,3,0
1946,56,Male,119977,75,114,5012,26,7,0
1947,32,Female,132622,38,76,5443,16,6,0
1948,46,Female,145947,6,36,6782,10,3,0
1949,46,Female,110226,45,118,746,45,4,0
1950,28,Female,63939,75,85,3719,2,5,1
1951,69,Male,49345,14,49,9483,35,9,0
1952,49,Male,144616,66,111,1136,19,6,0
1953,19,Female,66313,40,70,4275,6,4,0
1954,64,Female,130107,3,112,2921,19,7,0
1955,31,Male,141866,99,49,9780,8,2,1
1956,37,Female,112365,97,3,4683,14,4,0
1957,39,Male,120598,24,74,1212,10,5,0
1958,28,Female,89166,19,5,6345,3,4,0
1959,44,Male,67861,18,110,5823,38,4,0
1960,20,Female,117406,64,90,6532,29,9,0
1961,34,Female,69298,88,61,4144,15,2,0
1962,61,Male,67221,35,85,8273,23,6,1
1963,45,Female,64942,62,109,2608,23,8,0
1964,46,Male,23453,1,90,4114,18,8,0
1965,38,Male,122811,25,102,9934,46,7,0
1966,64,Male,74935,45,108,7457,19,4,0
1967,33,Male,142439,49,26,5779,28,7,0
1968,54,Male,63370,98,72,4832,26,6,0
1969,37,Female,123932,89,5,4400,10,6,0
1970,23,Female,28328,16,15,8439,47,2,0
1971,36,Male,35534,98,16,7463,4,8,1
1972,22,Female,105280,93,1,5068,2,8,0
1973,20,Male,104925,19,16,8338,3,7,0
1974,18,Female,56320,23,37,2345,7,9,0
1975,55,Female,69170,83,3,882,16,8,0
1976,32,Female,120546,25,52,4612,31,9,0
1977,51,Female,100201,16,47,7569,10,9,0
1978,52,Male,148935,54,95,4310,19,6,0
1979,66,Male,141006,73,13,2009,28,2,0
1980,42,Female,123401,1,80,8073,17,7,1
1981,41,Female,28640,42,55,2078,28,3,0
1982,29,Male,120252,19,107,1379,19,7,0
1983,35,Female,111057,97,21,2662,37,9,0
1984,32,Male,50049,34,66,8214,23,2,0
1985,61,Male,25618,80,54,1859,20,6,0
1986,33,Male,122540,55,27,4931,13,6,0
1987,44,Female,76053,18,38,8648,13,9,0
1988,25,Male,21920,34,90,4460,43,9,0
1989,63,Female,63937,89,58,4311,11,5,0
1990,42,Male,89724,45,62,4742,48,5,0
1991,34,Female,32207,6,102,4717,15,9,0
1992,46,Female,85774,21,46,580,17,8,1
1993,25,Female,52972,70,89,3232,28,7,1
1994,32,Male,30799,96,11,8333,19,8,1
1995,44,Male,91088,48,72,3209,4,6,0
1996,63,Female,48916,39,8,2922,22,3,0
1997,67,Female,90463,31,97,4141,22,7,0
1998,69,Female,113500,10,117,1167,37,8,0
1999,24,Male,96700,30,71,2996,39,8,0
2000,20,Male,57158,18,64,3999,34,1,0
